category,question,question_image,question_hint,type,published,wrong_answer_text,right_answer_text,explanation,user_explanation,not_influence_to_score,weight,answers,options,question_title,tags,id
"Balizamiento","&lt;p&gt;&lt;strong&gt;La marca de tope de una marca especial es:&lt;/strong&gt;&lt;/p&gt;",,"",radio,1,"","","",off,off,1,"Una X amarilla.::1::0::::::A::4217::::;;Un cono rojo.::0::0::::::A::4218::::;;Una esfera verde.::0::0::::::A::4219::::;;Una esfera roja.::0::0::::::A::4220::::;;",bg_image=::use_html=off::enable_question_text_max_length=off::question_text_max_length=::question_limit_text_type=characters::question_enable_text_message=off::enable_question_number_max_length=off::question_number_max_length=::quiz_hide_question_text=off::enable_max_selection_number=off::max_selection_number=::quiz_question_note_message=::enable_case_sensitive_text=off::enable_min_selection_number=off::min_selection_number=::enable_question_number_min_length=off::question_number_min_length=::enable_question_number_error_message=off::question_number_error_message=::quiz_enable_question_stripslashes=off::quiz_disable_answer_stripslashes=off::answer_slug_max_id=1::answer_incorrect_matches=::enable_question_upload_types=off::question_upload_types=::question_upload_file_max_size=1,,"","1055"
"Balizamiento","&lt;p&gt;&lt;strong&gt;Una marca de peligro aislado…&lt;/strong&gt;&lt;/p&gt;",,"",radio,1,"","","",off,off,1,"Es una marca colocada o fondeada sobre un peligro e indica que está prohibida la navegación a 200 metros de ella.::0::0::::::A::4213::::;;Es una marca colocada o fondeada sobre un peligro a cuyo alrededor las aguas no son navegables.::0::0::::::A::4214::::;;Es una marca colocada o fondeada sobre un peligro a cuyo alrededor las aguas son navegables.::1::0::::::A::4215::::;;Es una marca colocada o fondeada sobre un peligro que se encuentra al Norte de la misma.::0::0::::::A::4216::::;;",bg_image=::use_html=off::enable_question_text_max_length=off::question_text_max_length=::question_limit_text_type=characters::question_enable_text_message=off::enable_question_number_max_length=off::question_number_max_length=::quiz_hide_question_text=off::enable_max_selection_number=off::max_selection_number=::quiz_question_note_message=::enable_case_sensitive_text=off::enable_min_selection_number=off::min_selection_number=::enable_question_number_min_length=off::question_number_min_length=::enable_question_number_error_message=off::question_number_error_message=::quiz_enable_question_stripslashes=off::quiz_disable_answer_stripslashes=off::answer_slug_max_id=1::answer_incorrect_matches=::enable_question_upload_types=off::question_upload_types=::question_upload_file_max_size=1,,"","1054"
"Balizamiento","&lt;p&gt;&lt;strong&gt;La marca cardinal Este, tiene como marca de tope:&lt;/strong&gt;&lt;/p&gt;",,"",radio,1,"","","",off,off,1,"Dos conos negros superpuestos, opuestos por la base.::1::0::::::A::4209::::;;Dos conos negros superpuestos, unidos por el vértice.::0::0::::::A::4210::::;;Dos conos negros superpuestos, con el vértice hacia arriba.::0::0::::::A::4211::::;;Dos conos negros superpuestos, con el vértice hacia abajo.::0::0::::::A::4212::::;;",bg_image=::use_html=off::enable_question_text_max_length=off::question_text_max_length=::question_limit_text_type=characters::question_enable_text_message=off::enable_question_number_max_length=off::question_number_max_length=::quiz_hide_question_text=off::enable_max_selection_number=off::max_selection_number=::quiz_question_note_message=::enable_case_sensitive_text=off::enable_min_selection_number=off::min_selection_number=::enable_question_number_min_length=off::question_number_min_length=::enable_question_number_error_message=off::question_number_error_message=::quiz_enable_question_stripslashes=off::quiz_disable_answer_stripslashes=off::answer_slug_max_id=1::answer_incorrect_matches=::enable_question_upload_types=off::question_upload_types=::question_upload_file_max_size=1,,"","1053"
"Balizamiento","&lt;p&gt;&lt;strong&gt;Para indicar que las aguas más profundas de la zona en que se encuentra colocada son las del cuadrante que da nombre a la marca, se utilizan…&lt;/strong&gt;&lt;/p&gt;",,"",radio,1,"","","",off,off,1,"Las marcas cardinales.::1::0::::::A::4205::::;;Las marcas laterales.::0::0::::::A::4206::::;;Las marcas de aguas navegables.::0::0::::::A::4207::::;;Las marcas de peligro aislado.::0::0::::::A::4208::::;;",bg_image=::use_html=off::enable_question_text_max_length=off::question_text_max_length=::question_limit_text_type=characters::question_enable_text_message=off::enable_question_number_max_length=off::question_number_max_length=::quiz_hide_question_text=off::enable_max_selection_number=off::max_selection_number=::quiz_question_note_message=::enable_case_sensitive_text=off::enable_min_selection_number=off::min_selection_number=::enable_question_number_min_length=off::question_number_min_length=::enable_question_number_error_message=off::question_number_error_message=::quiz_enable_question_stripslashes=off::quiz_disable_answer_stripslashes=off::answer_slug_max_id=1::answer_incorrect_matches=::enable_question_upload_types=off::question_upload_types=::question_upload_file_max_size=1,,"","1052"
"Balizamiento","&lt;p&gt;&lt;strong&gt;Para indicar los lados de babor y estribor de la derrota que debe seguirse en un canal, se utilizan las…&lt;/strong&gt;&lt;/p&gt;",,"",radio,1,"","","",off,off,1,"Marcas laterales::1::0::::::A::4201::::;;Marcas cardinales::0::0::::::A::4202::::;;Marcas de peligro aislado::0::0::::::A::4203::::;;Marcas especiales::0::0::::::A::4204::::;;",bg_image=::use_html=off::enable_question_text_max_length=off::question_text_max_length=::question_limit_text_type=characters::question_enable_text_message=off::enable_question_number_max_length=off::question_number_max_length=::quiz_hide_question_text=off::enable_max_selection_number=off::max_selection_number=::quiz_question_note_message=::enable_case_sensitive_text=off::enable_min_selection_number=off::min_selection_number=::enable_question_number_min_length=off::question_number_min_length=::enable_question_number_error_message=off::question_number_error_message=::quiz_enable_question_stripslashes=off::quiz_disable_answer_stripslashes=off::answer_slug_max_id=1::answer_incorrect_matches=::enable_question_upload_types=off::question_upload_types=::question_upload_file_max_size=1,,"","1051"
"Balizamiento","&lt;p&gt;¿ De qué color son las marcas especiales ?&lt;/p&gt;",,"",radio,1,"","","",off,off,1,"Amarillo y negro.::0::0::::::A::4109::::;;Rojo con una franja verde.::0::0::::::A::4110::::;;Amarillo.::1::0::::::A::4111::::;;Verde con una franja roja.::0::0::::::A::4112::::;;",bg_image=::use_html=off::enable_question_text_max_length=off::question_text_max_length=::question_limit_text_type=characters::question_enable_text_message=off::enable_question_number_max_length=off::question_number_max_length=::quiz_hide_question_text=off::enable_max_selection_number=off::max_selection_number=::quiz_question_note_message=::enable_case_sensitive_text=off::enable_min_selection_number=off::min_selection_number=::enable_question_number_min_length=off::question_number_min_length=::enable_question_number_error_message=off::question_number_error_message=::quiz_enable_question_stripslashes=off::quiz_disable_answer_stripslashes=off::answer_slug_max_id=1::answer_incorrect_matches=::enable_question_upload_types=off::question_upload_types=::question_upload_file_max_size=1,,"","1028"
"Balizamiento","&lt;p&gt;Si divisamos una boya de color negro con una o varias anchas bandas horizontales rojas, significa:&lt;/p&gt;",,"",radio,1,"","","",off,off,1,"Lugar para fondear.::0::0::::::A::4105::::;;Prohibido fondear.::0::0::::::A::4106::::;;Buceador sumergido.::0::0::::::A::4107::::;;Peligro aislado.::1::0::::::A::4108::::;;",bg_image=::use_html=off::enable_question_text_max_length=off::question_text_max_length=::question_limit_text_type=characters::question_enable_text_message=off::enable_question_number_max_length=off::question_number_max_length=::quiz_hide_question_text=off::enable_max_selection_number=off::max_selection_number=::quiz_question_note_message=::enable_case_sensitive_text=off::enable_min_selection_number=off::min_selection_number=::enable_question_number_min_length=off::question_number_min_length=::enable_question_number_error_message=off::question_number_error_message=::quiz_enable_question_stripslashes=off::quiz_disable_answer_stripslashes=off::answer_slug_max_id=1::answer_incorrect_matches=::enable_question_upload_types=off::question_upload_types=::question_upload_file_max_size=1,,"","1027"
"Balizamiento","&lt;p&gt;Una marca de tope consistente en dos conos negros superpuestos con los vértices hacia abajo, se deberá pasar por el cuadrante:&lt;/p&gt;",,"",radio,1,"","","",off,off,1,"Este::0::0::::::A::4101::::;;Oeste::0::0::::::A::4102::::;;Norte::0::0::::::A::4103::::;;Sur::1::0::::::A::4104::::;;",bg_image=::use_html=off::enable_question_text_max_length=off::question_text_max_length=::question_limit_text_type=characters::question_enable_text_message=off::enable_question_number_max_length=off::question_number_max_length=::quiz_hide_question_text=off::enable_max_selection_number=off::max_selection_number=::quiz_question_note_message=::enable_case_sensitive_text=off::enable_min_selection_number=off::min_selection_number=::enable_question_number_min_length=off::question_number_min_length=::enable_question_number_error_message=off::question_number_error_message=::quiz_enable_question_stripslashes=off::quiz_disable_answer_stripslashes=off::answer_slug_max_id=1::answer_incorrect_matches=::enable_question_upload_types=off::question_upload_types=::question_upload_file_max_size=1,,"","1026"
"Balizamiento","&lt;p&gt;Dos conos superpuestos con los vértices hacia arriba, es la marca de tope de...&lt;/p&gt;",,"",radio,1,"","","",off,off,1,"Marca de peligro aislado.::0::0::::::A::4097::::;;Marca cardinal Norte.::1::0::::::A::4098::::;;No existe.::0::0::::::A::4099::::;;Ninguna respuesta de las anteriores es correcta.::0::0::::::A::4100::::;;",bg_image=::use_html=off::enable_question_text_max_length=off::question_text_max_length=::question_limit_text_type=characters::question_enable_text_message=off::enable_question_number_max_length=off::question_number_max_length=::quiz_hide_question_text=off::enable_max_selection_number=off::max_selection_number=::quiz_question_note_message=::enable_case_sensitive_text=off::enable_min_selection_number=off::min_selection_number=::enable_question_number_min_length=off::question_number_min_length=::enable_question_number_error_message=off::question_number_error_message=::quiz_enable_question_stripslashes=off::quiz_disable_answer_stripslashes=off::answer_slug_max_id=1::answer_incorrect_matches=::enable_question_upload_types=off::question_upload_types=::question_upload_file_max_size=1,,"","1025"
"Balizamiento","&lt;p&gt;Las marcas laterales de babor de la región A son:&lt;/p&gt;",,"",radio,1,"","","",off,off,1,"De color amarillo.::0::0::::::A::4093::::;;De color blanco.::0::0::::::A::4094::::;;De color verde .::0::0::::::A::4095::::;;De color rojo.::1::0::::::A::4096::::;;",bg_image=::use_html=off::enable_question_text_max_length=off::question_text_max_length=::question_limit_text_type=characters::question_enable_text_message=off::enable_question_number_max_length=off::question_number_max_length=::quiz_hide_question_text=off::enable_max_selection_number=off::max_selection_number=::quiz_question_note_message=::enable_case_sensitive_text=off::enable_min_selection_number=off::min_selection_number=::enable_question_number_min_length=off::question_number_min_length=::enable_question_number_error_message=off::question_number_error_message=::quiz_enable_question_stripslashes=off::quiz_disable_answer_stripslashes=off::answer_slug_max_id=1::answer_incorrect_matches=::enable_question_upload_types=off::question_upload_types=::question_upload_file_max_size=1,,"","1024"
"Balizamiento","&lt;p&gt;&lt;strong&gt;El color amarillo en las boyas significa …&lt;/strong&gt;&lt;/p&gt;",,"",radio,1,"","","",off,off,1,"Marcas especiales.::1::0::::::A::2445::::;;Marcas laterales.::0::0::::::A::2446::::;;Aguas navegables.::0::0::::::A::2447::::;;Marcas de peligro aislado::0::0::::::A::2448::::;;",bg_image=::use_html=off::enable_question_text_max_length=off::question_text_max_length=::question_limit_text_type=characters::question_enable_text_message=off::enable_question_number_max_length=off::question_number_max_length=::quiz_hide_question_text=off::enable_max_selection_number=off::max_selection_number=::quiz_question_note_message=::enable_case_sensitive_text=off::enable_min_selection_number=off::min_selection_number=::enable_question_number_min_length=off::question_number_min_length=::enable_question_number_error_message=off::question_number_error_message=::quiz_enable_question_stripslashes=off::quiz_disable_answer_stripslashes=off::answer_slug_max_id=1::answer_incorrect_matches=::enable_question_upload_types=off::question_upload_types=::question_upload_file_max_size=1,,"","612"
"Balizamiento","&lt;p&gt;&lt;strong&gt;Una marca esférica con franjas verticales rojas y blancas es: &lt;/strong&gt;&lt;/p&gt;",,"",radio,1,"","","",off,off,1,"Una marca lateral que indica canal principal a babor.::0::0::::::A::2441::::;;Una marca cardinal Norte.::0::0::::::A::2442::::;;Una marca de aguas navegables.::1::0::::::A::2443::::;;Una marca especial.::0::0::::::A::2444::::;;",bg_image=::use_html=off::enable_question_text_max_length=off::question_text_max_length=::question_limit_text_type=characters::question_enable_text_message=off::enable_question_number_max_length=off::question_number_max_length=::quiz_hide_question_text=off::enable_max_selection_number=off::max_selection_number=::quiz_question_note_message=::enable_case_sensitive_text=off::enable_min_selection_number=off::min_selection_number=::enable_question_number_min_length=off::question_number_min_length=::enable_question_number_error_message=off::question_number_error_message=::quiz_enable_question_stripslashes=off::quiz_disable_answer_stripslashes=off::answer_slug_max_id=1::answer_incorrect_matches=::enable_question_upload_types=off::question_upload_types=::question_upload_file_max_size=1,,"","611"
"Balizamiento","&lt;p&gt;&lt;strong&gt;Las marcas de peligro aislado son negras, con una o más bandas anchas horizontales rojas. Su marca de tope está formada por:&lt;/strong&gt;&lt;/p&gt;",,"",radio,1,"","","",off,off,1,"Una esfera negra.::0::0::::::A::2437::::;;Dos esferas negras superpuestas.::1::0::::::A::2438::::;;Un cilindro negro.::0::0::::::A::2439::::;;Dos cilindros negros superpuestos.::0::0::::::A::2440::::;;",bg_image=::use_html=off::enable_question_text_max_length=off::question_text_max_length=::question_limit_text_type=characters::question_enable_text_message=off::enable_question_number_max_length=off::question_number_max_length=::quiz_hide_question_text=off::enable_max_selection_number=off::max_selection_number=::quiz_question_note_message=::enable_case_sensitive_text=off::enable_min_selection_number=off::min_selection_number=::enable_question_number_min_length=off::question_number_min_length=::enable_question_number_error_message=off::question_number_error_message=::quiz_enable_question_stripslashes=off::quiz_disable_answer_stripslashes=off::answer_slug_max_id=1::answer_incorrect_matches=::enable_question_upload_types=off::question_upload_types=::question_upload_file_max_size=1,,"","610"
"Balizamiento","&lt;p&gt;En el sistema cardinal las marcas son...&lt;/p&gt;",,"",radio,1,"","","",off,off,1,"Boyas de castillete o espeques.::0::0::::::A::2433::::;;Boya cilíndricas.::1::0::::::A::2434::::;;Boyas cónicas.::0::0::::::A::2435::::;;Boyas cilíndricas o espeques.::0::0::::::A::2436::::;;",bg_image=::use_html=off::enable_question_text_max_length=off::question_text_max_length=::question_limit_text_type=characters::question_enable_text_message=off::enable_question_number_max_length=off::question_number_max_length=::quiz_hide_question_text=off::enable_max_selection_number=off::max_selection_number=::quiz_question_note_message=::enable_case_sensitive_text=off::enable_min_selection_number=off::min_selection_number=::enable_question_number_min_length=off::question_number_min_length=::enable_question_number_error_message=off::question_number_error_message=::quiz_enable_question_stripslashes=off::quiz_disable_answer_stripslashes=off::answer_slug_max_id=1::answer_incorrect_matches=::enable_question_upload_types=off::question_upload_types=::question_upload_file_max_size=1,,"","609"
"Balizamiento","&lt;p&gt;&lt;strong&gt;Las marcas laterales de babor. ¿Qué forma pueden tener?&lt;/strong&gt;&lt;/p&gt;",,"",radio,1,"","","",off,off,1,"Castillete.::0::0::::::A::2377::::;;Espeque.::0::0::::::A::2378::::;;Cilíndrica.::0::0::::::A::2379::::;;Todas las respuestas anteriores son correctas.::1::0::::::A::2380::::;;",bg_image=::use_html=off::enable_question_text_max_length=off::question_text_max_length=::question_limit_text_type=characters::question_enable_text_message=off::enable_question_number_max_length=off::question_number_max_length=::quiz_hide_question_text=off::enable_max_selection_number=off::max_selection_number=::quiz_question_note_message=::enable_case_sensitive_text=off::enable_min_selection_number=off::min_selection_number=::enable_question_number_min_length=off::question_number_min_length=::enable_question_number_error_message=off::question_number_error_message=::quiz_enable_question_stripslashes=off::quiz_disable_answer_stripslashes=off::answer_slug_max_id=1::answer_incorrect_matches=::enable_question_upload_types=off::question_upload_types=::question_upload_file_max_size=1,,"","595"
"Balizamiento","&lt;p&gt;&lt;strong&gt;Que forma deben tener las marcas especiales:&lt;/strong&gt;&lt;/p&gt;",,"",radio,1,"","","",off,off,1,"De castillete o de espeque.::0::0::::::A::2373::::;;De castilletes, cilindricas o espeques.::0::0::::::A::2374::::;;Cualquiera siempre que no se confundan con las demás marcas para la navegación.::1::0::::::A::2375::::;;De castillete, espeque o cónicas.::0::0::::::A::2376::::;;",bg_image=::use_html=off::enable_question_text_max_length=off::question_text_max_length=::question_limit_text_type=characters::question_enable_text_message=off::enable_question_number_max_length=off::question_number_max_length=::quiz_hide_question_text=off::enable_max_selection_number=off::max_selection_number=::quiz_question_note_message=::enable_case_sensitive_text=off::enable_min_selection_number=off::min_selection_number=::enable_question_number_min_length=off::question_number_min_length=::enable_question_number_error_message=off::question_number_error_message=::quiz_enable_question_stripslashes=off::quiz_disable_answer_stripslashes=off::answer_slug_max_id=1::answer_incorrect_matches=::enable_question_upload_types=off::question_upload_types=::question_upload_file_max_size=1,,"","594"
"Balizamiento","&lt;p&gt;&lt;strong&gt;Navegando de día vemos por nuestra proa una marca con franjas rojas y&lt;/strong&gt;&lt;br /&gt;&lt;strong&gt;negras, ¿qué deberemos hacer?: &lt;/strong&gt;&lt;/p&gt;",,"",radio,1,"","","",off,off,1,"Maniobraremos cayendo a estribor.::0::0::::::A::2369::::;;Maniobraremos cayendo a babor.::0::0::::::A::2370::::;;Caeremos a babor o estribor, dependiendo de la zona.::1::0::::::A::2371::::;;Maniobraremos dejándola por el cuadrante que indica la marca de tope.::0::0::::::A::2372::::;;",bg_image=::use_html=off::enable_question_text_max_length=off::question_text_max_length=::question_limit_text_type=characters::question_enable_text_message=off::enable_question_number_max_length=off::question_number_max_length=::quiz_hide_question_text=off::enable_max_selection_number=off::max_selection_number=::quiz_question_note_message=::enable_case_sensitive_text=off::enable_min_selection_number=off::min_selection_number=::enable_question_number_min_length=off::question_number_min_length=::enable_question_number_error_message=off::question_number_error_message=::quiz_enable_question_stripslashes=off::quiz_disable_answer_stripslashes=off::answer_slug_max_id=1::answer_incorrect_matches=::enable_question_upload_types=off::question_upload_types=::question_upload_file_max_size=1,,"","593"
"Balizamiento","&lt;p&gt;&lt;strong&gt;Avistamos una boya que emite 3 centelleos blancos cada 10 segundos. Las&lt;/strong&gt;&lt;br /&gt;&lt;strong&gt;aguas más profundas la encontraremos: &lt;/strong&gt;&lt;/p&gt;",,"",radio,1,"","","",off,off,1,"Al norte de la marca.::0::0::::::A::2365::::;;Al este de la marca.::1::0::::::A::2366::::;;Al oeste de la marca.::0::0::::::A::2367::::;;Alrededor de la marca ya que señala un peligro aislado.::0::0::::::A::2368::::;;",bg_image=::use_html=off::enable_question_text_max_length=off::question_text_max_length=::question_limit_text_type=characters::question_enable_text_message=off::enable_question_number_max_length=off::question_number_max_length=::quiz_hide_question_text=off::enable_max_selection_number=off::max_selection_number=::quiz_question_note_message=::enable_case_sensitive_text=off::enable_min_selection_number=off::min_selection_number=::enable_question_number_min_length=off::question_number_min_length=::enable_question_number_error_message=off::question_number_error_message=::quiz_enable_question_stripslashes=off::quiz_disable_answer_stripslashes=off::answer_slug_max_id=1::answer_incorrect_matches=::enable_question_upload_types=off::question_upload_types=::question_upload_file_max_size=1,,"","592"
"Balizamiento","&lt;p&gt;&lt;strong&gt;¿Cuál es la marca de tope de la boya del sistema lateral que nos indica canal&lt;/strong&gt;&lt;br /&gt;&lt;strong&gt;principal a estribor en una bifurcación?&lt;/strong&gt;&lt;/p&gt;",,"",radio,1,"","","",off,off,1,"Un cono rojo con el vértice hacia arriba.::0::0::::::A::2361::::;;Un cono verde con el vértice hacia arriba.::0::0::::::A::2362::::;;Un cilindro verde::0::0::::::A::2363::::;;Un cilindro rojo::1::0::::::A::2364::::;;",bg_image=::use_html=off::enable_question_text_max_length=off::question_text_max_length=::question_limit_text_type=characters::question_enable_text_message=off::enable_question_number_max_length=off::question_number_max_length=::quiz_hide_question_text=off::enable_max_selection_number=off::max_selection_number=::quiz_question_note_message=::enable_case_sensitive_text=off::enable_min_selection_number=off::min_selection_number=::enable_question_number_min_length=off::question_number_min_length=::enable_question_number_error_message=off::question_number_error_message=::quiz_enable_question_stripslashes=off::quiz_disable_answer_stripslashes=off::answer_slug_max_id=1::answer_incorrect_matches=::enable_question_upload_types=off::question_upload_types=::question_upload_file_max_size=1,,"","591"
"Balizamiento","&lt;p&gt;&lt;strong&gt;Las marcas especiales son de color &lt;/strong&gt;&lt;/p&gt;",,"",radio,1,"","","",off,off,1,"amarillo y pueden llevar una marca de tope en forma de V.::0::0::::::A::2357::::;;rojo y pueden llevar una marca de tope en forma de V.::0::0::::::A::2358::::;;negro y pueden llevar una marca de tope en forma de X.::0::0::::::A::2359::::;;amarillo y pueden llevar una marca de tope en forma de X.::1::0::::::A::2360::::;;",bg_image=::use_html=off::enable_question_text_max_length=off::question_text_max_length=::question_limit_text_type=characters::question_enable_text_message=off::enable_question_number_max_length=off::question_number_max_length=::quiz_hide_question_text=off::enable_max_selection_number=off::max_selection_number=::quiz_question_note_message=::enable_case_sensitive_text=off::enable_min_selection_number=off::min_selection_number=::enable_question_number_min_length=off::question_number_min_length=::enable_question_number_error_message=off::question_number_error_message=::quiz_enable_question_stripslashes=off::quiz_disable_answer_stripslashes=off::answer_slug_max_id=1::answer_incorrect_matches=::enable_question_upload_types=off::question_upload_types=::question_upload_file_max_size=1,,"","590"
"Balizamiento","&lt;p&gt;&lt;strong&gt;Dos conos superpuestos, opuestos por sus bases, como marca de tope de una boya pintada con banda amarilla entre dos bandas negras, indica…&lt;/strong&gt;&lt;/p&gt;",,"",radio,1,"","","",off,off,1,"Aguas más profundas al oeste de la marca.::0::0::::::A::2353::::;;Aguas más profundas al norte de la marca.::0::0::::::A::2354::::;;Aguas más profundas al sur de la marca.::0::0::::::A::2355::::;;Aguas más profundas al este de la marca.::1::0::::::A::2356::::;;",bg_image=::use_html=off::enable_question_text_max_length=off::question_text_max_length=::question_limit_text_type=characters::question_enable_text_message=off::enable_question_number_max_length=off::question_number_max_length=::quiz_hide_question_text=off::enable_max_selection_number=off::max_selection_number=::quiz_question_note_message=::enable_case_sensitive_text=off::enable_min_selection_number=off::min_selection_number=::enable_question_number_min_length=off::question_number_min_length=::enable_question_number_error_message=off::question_number_error_message=::quiz_enable_question_stripslashes=off::quiz_disable_answer_stripslashes=off::answer_slug_max_id=1::answer_incorrect_matches=::enable_question_upload_types=off::question_upload_types=::question_upload_file_max_size=1,,"","589"
"Balizamiento","&lt;p&gt;&lt;strong&gt;En una marca de peligro aislado, el ritmo y el color de su luz es:&lt;/strong&gt;&lt;/p&gt;",,"",radio,1,"","","",off,off,1,"Dos destellos de color rojo.::0::0::::::A::2349::::;;Grupo de dos destellos de color blanco.::1::0::::::A::2350::::;;Grupo de dos destellos de color verde.::0::0::::::A::2351::::;;Un destello color blanco.::0::0::::::A::2352::::;;",bg_image=::use_html=off::enable_question_text_max_length=off::question_text_max_length=::question_limit_text_type=characters::question_enable_text_message=off::enable_question_number_max_length=off::question_number_max_length=::quiz_hide_question_text=off::enable_max_selection_number=off::max_selection_number=::quiz_question_note_message=::enable_case_sensitive_text=off::enable_min_selection_number=off::min_selection_number=::enable_question_number_min_length=off::question_number_min_length=::enable_question_number_error_message=off::question_number_error_message=::quiz_enable_question_stripslashes=off::quiz_disable_answer_stripslashes=off::answer_slug_max_id=1::answer_incorrect_matches=::enable_question_upload_types=off::question_upload_types=::question_upload_file_max_size=1,,"","588"
"Balizamiento","&lt;p&gt;&lt;strong&gt;El ritmo de la luz de la marca de tope de una marca cardinal Oeste, es:&lt;/strong&gt;&lt;/p&gt;",,"",radio,1,"","","",off,off,1,"9 centelleos muy rápidos seguidos de un período de oscuridad.::1::0::::::A::2345::::;;6 centelleos muy rápidos seguidos de un período de oscuridad.::0::0::::::A::2346::::;;3 centelleos muy rápidos seguidos de un período de oscuridad.::0::0::::::A::2347::::;;Centelleo continuo muy rápido.::0::0::::::A::2348::::;;",bg_image=::use_html=off::enable_question_text_max_length=off::question_text_max_length=::question_limit_text_type=characters::question_enable_text_message=off::enable_question_number_max_length=off::question_number_max_length=::quiz_hide_question_text=off::enable_max_selection_number=off::max_selection_number=::quiz_question_note_message=::enable_case_sensitive_text=off::enable_min_selection_number=off::min_selection_number=::enable_question_number_min_length=off::question_number_min_length=::enable_question_number_error_message=off::question_number_error_message=::quiz_enable_question_stripslashes=off::quiz_disable_answer_stripslashes=off::answer_slug_max_id=1::answer_incorrect_matches=::enable_question_upload_types=off::question_upload_types=::question_upload_file_max_size=1,,"","587"
"Balizamiento","&lt;p&gt;&lt;strong&gt;Una marca cónica de color verde con una franja roja, indica:&lt;/strong&gt;&lt;/p&gt;",,"",radio,1,"","","",off,off,1,"Marca lateral de estribor.::0::0::::::A::2341::::;;Marca lateral de babor.::0::0::::::A::2342::::;;Canal principal a babor.::1::0::::::A::2343::::;;Canal principal a estribor.::0::0::::::A::2344::::;;",bg_image=::use_html=off::enable_question_text_max_length=off::question_text_max_length=::question_limit_text_type=characters::question_enable_text_message=off::enable_question_number_max_length=off::question_number_max_length=::quiz_hide_question_text=off::enable_max_selection_number=off::max_selection_number=::quiz_question_note_message=::enable_case_sensitive_text=off::enable_min_selection_number=off::min_selection_number=::enable_question_number_min_length=off::question_number_min_length=::enable_question_number_error_message=off::question_number_error_message=::quiz_enable_question_stripslashes=off::quiz_disable_answer_stripslashes=off::answer_slug_max_id=1::answer_incorrect_matches=::enable_question_upload_types=off::question_upload_types=::question_upload_file_max_size=1,,"","586"
"Balizamiento","&lt;p&gt;&lt;strong&gt;¿Cuál es la marca de tope de las marcas especiales?: &lt;/strong&gt;&lt;/p&gt;",,"",radio,1,"","","",off,off,1,"Dos conos opuestos por sus vértices.::0::0::::::A::2337::::;;Dos esferas negras en vertical.::0::0::::::A::2338::::;;Amarilla en forma de aspa.::1::0::::::A::2339::::;;Dos conos superpuestos con los vértices hacia arriba.::0::0::::::A::2340::::;;",bg_image=::use_html=off::enable_question_text_max_length=off::question_text_max_length=::question_limit_text_type=characters::question_enable_text_message=off::enable_question_number_max_length=off::question_number_max_length=::quiz_hide_question_text=off::enable_max_selection_number=off::max_selection_number=::quiz_question_note_message=::enable_case_sensitive_text=off::enable_min_selection_number=off::min_selection_number=::enable_question_number_min_length=off::question_number_min_length=::enable_question_number_error_message=off::question_number_error_message=::quiz_enable_question_stripslashes=off::quiz_disable_answer_stripslashes=off::answer_slug_max_id=1::answer_incorrect_matches=::enable_question_upload_types=off::question_upload_types=::question_upload_file_max_size=1,,"","585"
"Balizamiento","&lt;p&gt;&lt;strong&gt;¿Cuál es la marca de tope de un espeque que indica aguas navegables?:&lt;/strong&gt;&lt;/p&gt;",,"",radio,1,"","","",off,off,1,"Dos conos negros superpuestos.::0::0::::::A::2333::::;;Dos esferas negras superpuestas.::0::0::::::A::2334::::;;Un esfera roja.::1::0::::::A::2335::::;;Un aspa.::0::0::::::A::2336::::;;",bg_image=::use_html=off::enable_question_text_max_length=off::question_text_max_length=::question_limit_text_type=characters::question_enable_text_message=off::enable_question_number_max_length=off::question_number_max_length=::quiz_hide_question_text=off::enable_max_selection_number=off::max_selection_number=::quiz_question_note_message=::enable_case_sensitive_text=off::enable_min_selection_number=off::min_selection_number=::enable_question_number_min_length=off::question_number_min_length=::enable_question_number_error_message=off::question_number_error_message=::quiz_enable_question_stripslashes=off::quiz_disable_answer_stripslashes=off::answer_slug_max_id=1::answer_incorrect_matches=::enable_question_upload_types=off::question_upload_types=::question_upload_file_max_size=1,,"","584"
"Balizamiento","&lt;p&gt;&lt;strong&gt;Para indicar peligros aislados de dimensiones limitadas enteramente rodeados de aguas navegables, se utilizan las…&lt;/strong&gt;&lt;/p&gt;",,"",radio,1,"","","",off,off,1,"Marcas cardinales.::0::0::::::A::2329::::;;Marcas de peligro aislado.::1::0::::::A::2330::::;;Marcas especiales.::0::0::::::A::2331::::;;Marcas de aguas navegables.::0::0::::::A::2332::::;;",bg_image=::use_html=off::enable_question_text_max_length=off::question_text_max_length=::question_limit_text_type=characters::question_enable_text_message=off::enable_question_number_max_length=off::question_number_max_length=::quiz_hide_question_text=off::enable_max_selection_number=off::max_selection_number=::quiz_question_note_message=::enable_case_sensitive_text=off::enable_min_selection_number=off::min_selection_number=::enable_question_number_min_length=off::question_number_min_length=::enable_question_number_error_message=off::question_number_error_message=::quiz_enable_question_stripslashes=off::quiz_disable_answer_stripslashes=off::answer_slug_max_id=1::answer_incorrect_matches=::enable_question_upload_types=off::question_upload_types=::question_upload_file_max_size=1,,"","583"
"Balizamiento","&lt;p&gt;&lt;strong&gt;¿Cuál es la marca de tope de la marca cardinal Oeste?&lt;/strong&gt;&lt;/p&gt;",,"",radio,1,"","","",off,off,1,"Dos conos con el vértice hacia arriba.::0::0::::::A::2325::::;;Dos conos con el vértice hacia abajo.::0::0::::::A::2326::::;;Dos conos superpuestos opuestos por sus vértices.::1::0::::::A::2327::::;;Dos conos superpuestos opuestos por sus bases.::0::0::::::A::2328::::;;",bg_image=::use_html=off::enable_question_text_max_length=off::question_text_max_length=::question_limit_text_type=characters::question_enable_text_message=off::enable_question_number_max_length=off::question_number_max_length=::quiz_hide_question_text=off::enable_max_selection_number=off::max_selection_number=::quiz_question_note_message=::enable_case_sensitive_text=off::enable_min_selection_number=off::min_selection_number=::enable_question_number_min_length=off::question_number_min_length=::enable_question_number_error_message=off::question_number_error_message=::quiz_enable_question_stripslashes=off::quiz_disable_answer_stripslashes=off::answer_slug_max_id=1::answer_incorrect_matches=::enable_question_upload_types=off::question_upload_types=::question_upload_file_max_size=1,,"","582"
"Balizamiento","&lt;p&gt;&lt;strong&gt;Marca lateral de Babor…&lt;/strong&gt;&lt;/p&gt;",,"",radio,1,"","","",off,off,1,"Boya cilíndrica de color rojo, con marca de tope cilindro rojo.::1::0::::::A::2321::::;;Boya de espeque de color verde, con marca de tope cono verde.::0::0::::::A::2322::::;;Boya cónica de color rojo, con marca de tope cono de color rojo.::0::0::::::A::2323::::;;Boya castillete de color rojo, con marca de tope cono rojo.::0::0::::::A::2324::::;;",bg_image=::use_html=off::enable_question_text_max_length=off::question_text_max_length=::question_limit_text_type=characters::question_enable_text_message=off::enable_question_number_max_length=off::question_number_max_length=::quiz_hide_question_text=off::enable_max_selection_number=off::max_selection_number=::quiz_question_note_message=::enable_case_sensitive_text=off::enable_min_selection_number=off::min_selection_number=::enable_question_number_min_length=off::question_number_min_length=::enable_question_number_error_message=off::question_number_error_message=::quiz_enable_question_stripslashes=off::quiz_disable_answer_stripslashes=off::answer_slug_max_id=1::answer_incorrect_matches=::enable_question_upload_types=off::question_upload_types=::question_upload_file_max_size=1,,"","581"
"Balizamiento","&lt;p&gt;El color amarillo en las boyas significa...&lt;/p&gt;",,"",radio,1,"","","",off,off,1,"Marcas especiales::1::0::::::A::1674::::;;Marcas laterales::0::0::::::A::1675::::;;Marcas cardinales::0::0::::::A::1676::::;;Marcas de peligro aislado::0::0::::::A::1677::::;;",bg_image=::use_html=off::enable_question_text_max_length=off::question_text_max_length=::question_limit_text_type=characters::question_enable_text_message=off::enable_question_number_max_length=off::question_number_max_length=::quiz_hide_question_text=off::enable_max_selection_number=off::max_selection_number=::quiz_question_note_message=::enable_case_sensitive_text=off::enable_min_selection_number=off::min_selection_number=::enable_question_number_min_length=off::question_number_min_length=::enable_question_number_error_message=off::question_number_error_message=::quiz_enable_question_stripslashes=off::quiz_disable_answer_stripslashes=off::answer_slug_max_id=1::answer_incorrect_matches=::enable_question_upload_types=off::question_upload_types=::question_upload_file_max_size=1,,"","420"
"Balizamiento","&lt;p&gt;En una playa balizada, la marca (boya) verde que señaliza el canal de entrada, se tendrá que dejar por:&lt;/p&gt;",,"",radio,1,"","","",off,off,1,"Babor entrando::0::0::::::A::1662::::;;Babor saliendo::1::0::::::A::1663::::;;Estribor saliendo::0::0::::::A::1664::::;;Ninguna de las respuestas anteriores es correcta::0::0::::::A::1665::::;;",bg_image=::use_html=off::enable_question_text_max_length=off::question_text_max_length=::question_limit_text_type=characters::question_enable_text_message=off::enable_question_number_max_length=off::question_number_max_length=::quiz_hide_question_text=off::enable_max_selection_number=off::max_selection_number=::quiz_question_note_message=::enable_case_sensitive_text=off::enable_min_selection_number=off::min_selection_number=::enable_question_number_min_length=off::question_number_min_length=::enable_question_number_error_message=off::question_number_error_message=::quiz_enable_question_stripslashes=off::quiz_disable_answer_stripslashes=off::answer_slug_max_id=1::answer_incorrect_matches=::enable_question_upload_types=off::question_upload_types=::question_upload_file_max_size=1,,"","417"
"Balizamiento","&lt;p&gt;Una marca de aguas navegables tiene como tope:&lt;/p&gt;",,"",radio,1,"","","",off,off,1,"Dos bolas negras::0::0::::::A::1650::::;;Una bola roja::1::0::::::A::1651::::;;Un cono negro::0::0::::::A::1652::::;;Un aspa amarilla::0::0::::::A::1653::::;;",bg_image=::use_html=off::enable_question_text_max_length=off::question_text_max_length=::question_limit_text_type=characters::question_enable_text_message=off::enable_question_number_max_length=off::question_number_max_length=::quiz_hide_question_text=off::enable_max_selection_number=off::max_selection_number=::quiz_question_note_message=::enable_case_sensitive_text=off::enable_min_selection_number=off::min_selection_number=::enable_question_number_min_length=off::question_number_min_length=::enable_question_number_error_message=off::question_number_error_message=::quiz_enable_question_stripslashes=off::quiz_disable_answer_stripslashes=off::answer_slug_max_id=1::answer_incorrect_matches=::enable_question_upload_types=off::question_upload_types=::question_upload_file_max_size=1,,"","414"
"Balizamiento","&lt;p&gt;Una luz centelleante blanca en grupos de 3 destellos cada 5 segundos, pertenece a:&lt;/p&gt;",,"",radio,1,"","","",off,off,1,"Una marca cardinal norte::0::0::::::A::1642::::;;Una marca cardinal este::1::0::::::A::1643::::;;Una marca cardinal sur::0::0::::::A::1644::::;;Una marca cardinal oeste::0::0::::::A::1645::::;;",bg_image=::use_html=off::enable_question_text_max_length=off::question_text_max_length=::question_limit_text_type=characters::question_enable_text_message=off::enable_question_number_max_length=off::question_number_max_length=::quiz_hide_question_text=off::enable_max_selection_number=off::max_selection_number=::quiz_question_note_message=::enable_case_sensitive_text=off::enable_min_selection_number=off::min_selection_number=::enable_question_number_min_length=off::question_number_min_length=::enable_question_number_error_message=off::question_number_error_message=::quiz_enable_question_stripslashes=off::quiz_disable_answer_stripslashes=off::answer_slug_max_id=1::answer_incorrect_matches=::enable_question_upload_types=off::question_upload_types=::question_upload_file_max_size=1,,"","412"
"Balizamiento","&lt;p&gt;Una marca que muestre colores amarillos y negros es:&lt;/p&gt;",,"",radio,1,"","","",off,off,1,"Cardinal::1::0::::::A::1634::::;;Aguas navegables::0::0::::::A::1635::::;;Peligro aislado::0::0::::::A::1636::::;;Especial::0::0::::::A::1637::::;;",bg_image=::use_html=off::enable_question_text_max_length=off::question_text_max_length=::question_limit_text_type=characters::question_enable_text_message=off::enable_question_number_max_length=off::question_number_max_length=::quiz_hide_question_text=off::enable_max_selection_number=off::max_selection_number=::quiz_question_note_message=::enable_case_sensitive_text=off::enable_min_selection_number=off::min_selection_number=::enable_question_number_min_length=off::question_number_min_length=::enable_question_number_error_message=off::question_number_error_message=::quiz_enable_question_stripslashes=off::quiz_disable_answer_stripslashes=off::answer_slug_max_id=1::answer_incorrect_matches=::enable_question_upload_types=off::question_upload_types=::question_upload_file_max_size=1,,"","410"
"Balizamiento","&lt;p&gt;Boya de castillete de color amarillo con banda ancha horizontal negra, y cuya marca de tope son 2 conos negros superpuestos opuesto por sus vértices, indica…&lt;/p&gt;",,"",radio,1,"","","",off,off,1,"Aguas navegables al Sur de la marca::0::0::::::A::1622::::;;Aguas navegables al Oeste de la marca::1::0::::::A::1623::::;;Aguas navegables al Este de la marca::0::0::::::A::1624::::;;Ninguna de las respuestas es correcta::0::0::::::A::1625::::;;",bg_image=::use_html=off::enable_question_text_max_length=off::question_text_max_length=::question_limit_text_type=characters::question_enable_text_message=off::enable_question_number_max_length=off::question_number_max_length=::quiz_hide_question_text=off::enable_max_selection_number=off::max_selection_number=::quiz_question_note_message=::enable_case_sensitive_text=off::enable_min_selection_number=off::min_selection_number=::enable_question_number_min_length=off::question_number_min_length=::enable_question_number_error_message=off::question_number_error_message=::quiz_enable_question_stripslashes=off::quiz_disable_answer_stripslashes=off::answer_slug_max_id=1::answer_incorrect_matches=::enable_question_upload_types=off::question_upload_types=::question_upload_file_max_size=1,,"","407"
"Balizamiento","&lt;p&gt;Marca lateral de babor…&lt;/p&gt;",,"",radio,1,"","","",off,off,1,"Boya cilíndrica de color rojo, con marca de tope cilindro rojo::1::0::::::A::1614::::;;Boya de espeque de color verde, con marca de tope cono verde.::0::0::::::A::1615::::;;Boya cónica de color rojo, con marca de tope cono de color rojo::0::0::::::A::1616::::;;Boya castillete de color rojo, con marca de tope cono rojo::0::0::::::A::1617::::;;",bg_image=::use_html=off::enable_question_text_max_length=off::question_text_max_length=::question_limit_text_type=characters::question_enable_text_message=off::enable_question_number_max_length=off::question_number_max_length=::quiz_hide_question_text=off::enable_max_selection_number=off::max_selection_number=::quiz_question_note_message=::enable_case_sensitive_text=off::enable_min_selection_number=off::min_selection_number=::enable_question_number_min_length=off::question_number_min_length=::enable_question_number_error_message=off::question_number_error_message=::quiz_enable_question_stripslashes=off::quiz_disable_answer_stripslashes=off::answer_slug_max_id=1::answer_incorrect_matches=::enable_question_upload_types=off::question_upload_types=::question_upload_file_max_size=1,,"","405"
"Balizamiento","&lt;p&gt;Las boyas de marcas especiales se utilizan para indicar:&lt;/p&gt;",,"",radio,1,"","","",off,off,1,"La situación de granjas marinas::0::0::::::A::1606::::;;La situación de reservas marinas::0::0::::::A::1607::::;;Zonas de ejercicios militares::0::0::::::A::1608::::;;Todas las respuestas son correctas::1::0::::::A::1609::::;;",bg_image=::use_html=off::enable_question_text_max_length=off::question_text_max_length=::question_limit_text_type=characters::question_enable_text_message=off::enable_question_number_max_length=off::question_number_max_length=::quiz_hide_question_text=off::enable_max_selection_number=off::max_selection_number=::quiz_question_note_message=::enable_case_sensitive_text=off::enable_min_selection_number=off::min_selection_number=::enable_question_number_min_length=off::question_number_min_length=::enable_question_number_error_message=off::question_number_error_message=::quiz_enable_question_stripslashes=off::quiz_disable_answer_stripslashes=off::answer_slug_max_id=1::answer_incorrect_matches=::enable_question_upload_types=off::question_upload_types=::question_upload_file_max_size=1,,"","403"
"Balizamiento","&lt;p&gt;Boya esférica, con marca de tope esférica a franjas verticales rojas y blancas, es una marca…&lt;/p&gt;",,"",radio,1,"","","",off,off,1,"De peligro aislado::0::0::::::A::1598::::;;De aguas navegables::1::0::::::A::1599::::;;Especial::0::0::::::A::1600::::;;Latera::0::0::::::A::1601::::;;",bg_image=::use_html=off::enable_question_text_max_length=off::question_text_max_length=::question_limit_text_type=characters::question_enable_text_message=off::enable_question_number_max_length=off::question_number_max_length=::quiz_hide_question_text=off::enable_max_selection_number=off::max_selection_number=::quiz_question_note_message=::enable_case_sensitive_text=off::enable_min_selection_number=off::min_selection_number=::enable_question_number_min_length=off::question_number_min_length=::enable_question_number_error_message=off::question_number_error_message=::quiz_enable_question_stripslashes=off::quiz_disable_answer_stripslashes=off::answer_slug_max_id=1::answer_incorrect_matches=::enable_question_upload_types=off::question_upload_types=::question_upload_file_max_size=1,,"","401"
"Balizamiento","&lt;p&gt;Boya de color negro, con varias bandas horizontales rojas y con la marca de tope de 2 esferas negras superpuestas…&lt;/p&gt;",,"",radio,1,"","","",off,off,1,"Indica un punto de recalada::0::0::::::A::1594::::;;Define los ejes de un canal::0::0::::::A::1595::::;;Indica un peligro aislado::1::0::::::A::1596::::;;No existe::0::0::::::A::1597::::;;",bg_image=::use_html=off::enable_question_text_max_length=off::question_text_max_length=::question_limit_text_type=characters::question_enable_text_message=off::enable_question_number_max_length=off::question_number_max_length=::quiz_hide_question_text=off::enable_max_selection_number=off::max_selection_number=::quiz_question_note_message=::enable_case_sensitive_text=off::enable_min_selection_number=off::min_selection_number=::enable_question_number_min_length=off::question_number_min_length=::enable_question_number_error_message=off::question_number_error_message=::quiz_enable_question_stripslashes=off::quiz_disable_answer_stripslashes=off::answer_slug_max_id=1::answer_incorrect_matches=::enable_question_upload_types=off::question_upload_types=::question_upload_file_max_size=1,,"","400"
"Balizamiento","&lt;p&gt;El color de una marca de peligro aislado es:&lt;/p&gt;",,"",radio,1,"","","",off,off,1,"Verde con franjas horizontales rojas::0::0::::::A::1574::::;;Roja con bandas horizontales verdes::0::0::::::A::1575::::;;Negra con bandas horizontales verdes::0::0::::::A::1576::::;;Negra con bandas horizontales rojas::1::0::::::A::1577::::;;",bg_image=::use_html=off::enable_question_text_max_length=off::question_text_max_length=::question_limit_text_type=characters::question_enable_text_message=off::enable_question_number_max_length=off::question_number_max_length=::quiz_hide_question_text=off::enable_max_selection_number=off::max_selection_number=::quiz_question_note_message=::enable_case_sensitive_text=off::enable_min_selection_number=off::min_selection_number=::enable_question_number_min_length=off::question_number_min_length=::enable_question_number_error_message=off::question_number_error_message=::quiz_enable_question_stripslashes=off::quiz_disable_answer_stripslashes=off::answer_slug_max_id=1::answer_incorrect_matches=::enable_question_upload_types=off::question_upload_types=::question_upload_file_max_size=1,,"","395"
"Balizamiento","&lt;p&gt;Las marcas laterales de babor. ¿Qué forma pueden tener?&lt;/p&gt;",,"",radio,1,"","","",off,off,1,"Castillete::0::0::::::A::1566::::;;Espeque::0::0::::::A::1567::::;;Cilíndrica::0::0::::::A::1568::::;;Todas las respuestas anteriores son correctas::1::0::::::A::1569::::;;",bg_image=::use_html=off::enable_question_text_max_length=off::question_text_max_length=::question_limit_text_type=characters::question_enable_text_message=off::enable_question_number_max_length=off::question_number_max_length=::quiz_hide_question_text=off::enable_max_selection_number=off::max_selection_number=::quiz_question_note_message=::enable_case_sensitive_text=off::enable_min_selection_number=off::min_selection_number=::enable_question_number_min_length=off::question_number_min_length=::enable_question_number_error_message=off::question_number_error_message=::quiz_enable_question_stripslashes=off::quiz_disable_answer_stripslashes=off::answer_slug_max_id=1::answer_incorrect_matches=::enable_question_upload_types=off::question_upload_types=::question_upload_file_max_size=1,,"","393"
"Balizamiento","&lt;p&gt;Una marca de tope consistente en dos conos negros superpuestos con los vértices hacia abajo, se deberá pasar por el cuadrante:&lt;/p&gt;",,"",radio,1,"","","",off,off,1,"Este::0::0::::::A::1558::::;;Oeste::0::0::::::A::1559::::;;Norte::0::0::::::A::1560::::;;Sur::1::0::::::A::1561::::;;",bg_image=::use_html=off::enable_question_text_max_length=off::question_text_max_length=::question_limit_text_type=characters::question_enable_text_message=off::enable_question_number_max_length=off::question_number_max_length=::quiz_hide_question_text=off::enable_max_selection_number=off::max_selection_number=::quiz_question_note_message=::enable_case_sensitive_text=off::enable_min_selection_number=off::min_selection_number=::enable_question_number_min_length=off::question_number_min_length=::enable_question_number_error_message=off::question_number_error_message=::quiz_enable_question_stripslashes=off::quiz_disable_answer_stripslashes=off::answer_slug_max_id=1::answer_incorrect_matches=::enable_question_upload_types=off::question_upload_types=::question_upload_file_max_size=1,,"","391"
"Balizamiento","&lt;p&gt;En una marca de peligro aislado el ritmo y el color de su luz es:&lt;/p&gt;",,"",radio,1,"","","",off,off,1,"Dos destellos de color rojo::0::0::::::A::1542::::;;Grupo de dos destellos de color blanco::1::0::::::A::1543::::;;Grupo de dos destellos de color verde::0::0::::::A::1544::::;;Un destello de color blanco::0::0::::::A::1545::::;;",bg_image=::use_html=off::enable_question_text_max_length=off::question_text_max_length=::question_limit_text_type=characters::question_enable_text_message=off::enable_question_number_max_length=off::question_number_max_length=::quiz_hide_question_text=off::enable_max_selection_number=off::max_selection_number=::quiz_question_note_message=::enable_case_sensitive_text=off::enable_min_selection_number=off::min_selection_number=::enable_question_number_min_length=off::question_number_min_length=::enable_question_number_error_message=off::question_number_error_message=::quiz_enable_question_stripslashes=off::quiz_disable_answer_stripslashes=off::answer_slug_max_id=1::answer_incorrect_matches=::enable_question_upload_types=off::question_upload_types=::question_upload_file_max_size=1,,"","387"
"Balizamiento","&lt;p&gt;Una marca cónica de color verde con una franja roja, indica:&lt;/p&gt;",,"",radio,1,"","","",off,off,1,"Marca lateral de estribor::0::0::::::A::1534::::;;Marca lateral de babor::0::0::::::A::1535::::;;Canal principal a babor::1::0::::::A::1536::::;;Canal principal a estribor::0::0::::::A::1537::::;;",bg_image=::use_html=off::enable_question_text_max_length=off::question_text_max_length=::question_limit_text_type=characters::question_enable_text_message=off::enable_question_number_max_length=off::question_number_max_length=::quiz_hide_question_text=off::enable_max_selection_number=off::max_selection_number=::quiz_question_note_message=::enable_case_sensitive_text=off::enable_min_selection_number=off::min_selection_number=::enable_question_number_min_length=off::question_number_min_length=::enable_question_number_error_message=off::question_number_error_message=::quiz_enable_question_stripslashes=off::quiz_disable_answer_stripslashes=off::answer_slug_max_id=1::answer_incorrect_matches=::enable_question_upload_types=off::question_upload_types=::question_upload_file_max_size=1,,"","385"
"Balizamiento","&lt;p&gt;Para indicar peligros aislados de dimensiones limitadas enteramente rodeados de aguas navegables, se utilizan las…&lt;/p&gt;",,"",radio,1,"","","",off,off,1,"Marcas de peligro aislado::1::0::::::A::1526::::;;Marcas cardinales::0::0::::::A::1527::::;;Marcas especiales::0::0::::::A::1528::::;;Marcas de aguas navegables::0::0::::::A::1529::::;;",bg_image=::use_html=off::enable_question_text_max_length=off::question_text_max_length=::question_limit_text_type=characters::question_enable_text_message=off::enable_question_number_max_length=off::question_number_max_length=::quiz_hide_question_text=off::enable_max_selection_number=off::max_selection_number=::quiz_question_note_message=::enable_case_sensitive_text=off::enable_min_selection_number=off::min_selection_number=::enable_question_number_min_length=off::question_number_min_length=::enable_question_number_error_message=off::question_number_error_message=::quiz_enable_question_stripslashes=off::quiz_disable_answer_stripslashes=off::answer_slug_max_id=1::answer_incorrect_matches=::enable_question_upload_types=off::question_upload_types=::question_upload_file_max_size=1,,"","383"
"Balizamiento","&lt;p&gt;Para indicar los lados de babor y estribor de la derrota que debe seguirse en un canal, se utilizan…&lt;/p&gt;",,"",radio,1,"","","",off,off,1,"Marcas cardinales::0::0::::::A::1522::::;;Marcas de peligro aislado::0::0::::::A::1523::::;;Marcas laterales::1::0::::::A::1524::::;;Marcas especiales::0::0::::::A::1525::::;;",bg_image=::use_html=off::enable_question_text_max_length=off::question_text_max_length=::question_limit_text_type=characters::question_enable_text_message=off::enable_question_number_max_length=off::question_number_max_length=::quiz_hide_question_text=off::enable_max_selection_number=off::max_selection_number=::quiz_question_note_message=::enable_case_sensitive_text=off::enable_min_selection_number=off::min_selection_number=::enable_question_number_min_length=off::question_number_min_length=::enable_question_number_error_message=off::question_number_error_message=::quiz_enable_question_stripslashes=off::quiz_disable_answer_stripslashes=off::answer_slug_max_id=1::answer_incorrect_matches=::enable_question_upload_types=off::question_upload_types=::question_upload_file_max_size=1,,"","382"
"Balizamiento","&lt;p&gt;Para indicar una zona o una configuración particular, cuya naturaleza exacta está indicada en carta o publicaciones náuticas, se utilizan las…&lt;/p&gt;",,"",radio,1,"","","",off,off,1,"Marcas especiales::1::0::::::A::1510::::;;Marcas cardinales::0::0::::::A::1511::::;;Marcas de peligro aislado::0::0::::::A::1512::::;;Marcas de aguas navegables::0::0::::::A::1513::::;;",bg_image=::use_html=off::enable_question_text_max_length=off::question_text_max_length=::question_limit_text_type=characters::question_enable_text_message=off::enable_question_number_max_length=off::question_number_max_length=::quiz_hide_question_text=off::enable_max_selection_number=off::max_selection_number=::quiz_question_note_message=::enable_case_sensitive_text=off::enable_min_selection_number=off::min_selection_number=::enable_question_number_min_length=off::question_number_min_length=::enable_question_number_error_message=off::question_number_error_message=::quiz_enable_question_stripslashes=off::quiz_disable_answer_stripslashes=off::answer_slug_max_id=1::answer_incorrect_matches=::enable_question_upload_types=off::question_upload_types=::question_upload_file_max_size=1,,"","379"
"Balizamiento","&lt;p&gt;Para indicar que las aguas más profundas de la zona en que se encuentra colocada son las del cuadrante que da nombre a la marca, se utilizan…&lt;/p&gt;",,"",radio,1,"","","",off,off,1,"Marcas laterales::0::0::::::A::1502::::;;Marcas cardinales::1::0::::::A::1503::::;;Marcas de aguas navegables::0::0::::::A::1504::::;;Marcas de peligro aislado::0::0::::::A::1505::::;;",bg_image=::use_html=off::enable_question_text_max_length=off::question_text_max_length=::question_limit_text_type=characters::question_enable_text_message=off::enable_question_number_max_length=off::question_number_max_length=::quiz_hide_question_text=off::enable_max_selection_number=off::max_selection_number=::quiz_question_note_message=::enable_case_sensitive_text=off::enable_min_selection_number=off::min_selection_number=::enable_question_number_min_length=off::question_number_min_length=::enable_question_number_error_message=off::question_number_error_message=::quiz_enable_question_stripslashes=off::quiz_disable_answer_stripslashes=off::answer_slug_max_id=1::answer_incorrect_matches=::enable_question_upload_types=off::question_upload_types=::question_upload_file_max_size=1,,"","377"
"Balizamiento","&lt;p&gt;Una marca de color a franjas verticales rojas y blancas, con una esfera roja como marca de tope indica:&lt;/p&gt;",,"",radio,1,"","","",off,off,1,"Peligro aislado::0::0::::::A::1494::::;;Zona de ejercicios militares::0::0::::::A::1495::::;;Aguas navegables::1::0::::::A::1496::::;;Ninguna es cierta::0::0::::::A::1497::::;;",bg_image=::use_html=off::enable_question_text_max_length=off::question_text_max_length=::question_limit_text_type=characters::question_enable_text_message=off::enable_question_number_max_length=off::question_number_max_length=::quiz_hide_question_text=off::enable_max_selection_number=off::max_selection_number=::quiz_question_note_message=::enable_case_sensitive_text=off::enable_min_selection_number=off::min_selection_number=::enable_question_number_min_length=off::question_number_min_length=::enable_question_number_error_message=off::question_number_error_message=::quiz_enable_question_stripslashes=off::quiz_disable_answer_stripslashes=off::answer_slug_max_id=1::answer_incorrect_matches=::enable_question_upload_types=off::question_upload_types=::question_upload_file_max_size=1,,"","375"
"Balizamiento","&lt;p&gt;Una marca de color a franjas verticales rojas y blancas, con una esfera roja como marca de tope indica:&lt;/p&gt;",,"",radio,1,"","","",off,off,1,"Aguas navegables::1::0::::::A::1482::::;;Peligro aislado::0::0::::::A::1483::::;;Zona de ejercicios militares::0::0::::::A::1484::::;;Ninguna es cierta::0::0::::::A::1485::::;;",bg_image=::use_html=off::enable_question_text_max_length=off::question_text_max_length=::question_limit_text_type=characters::question_enable_text_message=off::enable_question_number_max_length=off::question_number_max_length=::quiz_hide_question_text=off::enable_max_selection_number=off::max_selection_number=::quiz_question_note_message=::enable_case_sensitive_text=off::enable_min_selection_number=off::min_selection_number=::enable_question_number_min_length=off::question_number_min_length=::enable_question_number_error_message=off::question_number_error_message=::quiz_enable_question_stripslashes=off::quiz_disable_answer_stripslashes=off::answer_slug_max_id=1::answer_incorrect_matches=::enable_question_upload_types=off::question_upload_types=::question_upload_file_max_size=1,,"","372"
"Balizamiento","&lt;p&gt;Para indicar los lados de babor y estribor de la derrota que debe seguirse en un canal, se utilizan las....&lt;/p&gt;",,"",radio,1,"","","",off,off,1,"Marcas laterales::1::0::::::A::1478::::;;Marcas cardinales::0::0::::::A::1479::::;;Marcas de peligro aislado::0::0::::::A::1480::::;;Marcas especiales::0::0::::::A::1481::::;;",bg_image=::use_html=off::enable_question_text_max_length=off::question_text_max_length=::question_limit_text_type=characters::question_enable_text_message=off::enable_question_number_max_length=off::question_number_max_length=::quiz_hide_question_text=off::enable_max_selection_number=off::max_selection_number=::quiz_question_note_message=::enable_case_sensitive_text=off::enable_min_selection_number=off::min_selection_number=::enable_question_number_min_length=off::question_number_min_length=::enable_question_number_error_message=off::question_number_error_message=::quiz_enable_question_stripslashes=off::quiz_disable_answer_stripslashes=off::answer_slug_max_id=1::answer_incorrect_matches=::enable_question_upload_types=off::question_upload_types=::question_upload_file_max_size=1,,"","371"
"Balizamiento","&lt;p&gt;El ritmo de la luz de la marca de tope de una marca cardinal Oeste, es:&lt;/p&gt;",,"",radio,1,"","","",off,off,1,"9 centelleos muy rápidos seguidos de un período de oscuridad::1::0::::::A::1474::::;;6 centelleos muy rápidos seguidos de un período de oscuridad::0::0::::::A::1475::::;;3 centelleos muy rápidos seguidos de un período de oscuridad::0::0::::::A::1476::::;;Centelleo continuo muy rápido::0::0::::::A::1477::::;;",bg_image=::use_html=off::enable_question_text_max_length=off::question_text_max_length=::question_limit_text_type=characters::question_enable_text_message=off::enable_question_number_max_length=off::question_number_max_length=::quiz_hide_question_text=off::enable_max_selection_number=off::max_selection_number=::quiz_question_note_message=::enable_case_sensitive_text=off::enable_min_selection_number=off::min_selection_number=::enable_question_number_min_length=off::question_number_min_length=::enable_question_number_error_message=off::question_number_error_message=::quiz_enable_question_stripslashes=off::quiz_disable_answer_stripslashes=off::answer_slug_max_id=1::answer_incorrect_matches=::enable_question_upload_types=off::question_upload_types=::question_upload_file_max_size=1,,"","370"
"Balizamiento","&lt;p&gt;La marca de tope de una marca especial es:&lt;/p&gt;",,"",radio,1,"","","",off,off,1,"Un aspa amarilla en forma de X::1::0::::::A::1470::::;;Un cono rojo::0::0::::::A::1471::::;;Una esfera verde::0::0::::::A::1472::::;;Una esfera roja::0::0::::::A::1473::::;;",bg_image=::use_html=off::enable_question_text_max_length=off::question_text_max_length=::question_limit_text_type=characters::question_enable_text_message=off::enable_question_number_max_length=off::question_number_max_length=::quiz_hide_question_text=off::enable_max_selection_number=off::max_selection_number=::quiz_question_note_message=::enable_case_sensitive_text=off::enable_min_selection_number=off::min_selection_number=::enable_question_number_min_length=off::question_number_min_length=::enable_question_number_error_message=off::question_number_error_message=::quiz_enable_question_stripslashes=off::quiz_disable_answer_stripslashes=off::answer_slug_max_id=1::answer_incorrect_matches=::enable_question_upload_types=off::question_upload_types=::question_upload_file_max_size=1,,"","369"
"Balizamiento","&lt;p&gt;Las marcas de tope que indican un peligro aislado son:&lt;/p&gt;",,"",radio,1,"","","",off,off,1,"Dos conos superpuestos con los vértices hacia abajo::0::0::::::A::1462::::;;Dos conos superpuestos con los vértices hacia arriba::0::0::::::A::1463::::;;Un aspa amarilla::0::0::::::A::1464::::;;Dos esferas negras superpuestas::1::0::::::A::1465::::;;",bg_image=::use_html=off::enable_question_text_max_length=off::question_text_max_length=::question_limit_text_type=characters::question_enable_text_message=off::enable_question_number_max_length=off::question_number_max_length=::quiz_hide_question_text=off::enable_max_selection_number=off::max_selection_number=::quiz_question_note_message=::enable_case_sensitive_text=off::enable_min_selection_number=off::min_selection_number=::enable_question_number_min_length=off::question_number_min_length=::enable_question_number_error_message=off::question_number_error_message=::quiz_enable_question_stripslashes=off::quiz_disable_answer_stripslashes=off::answer_slug_max_id=1::answer_incorrect_matches=::enable_question_upload_types=off::question_upload_types=::question_upload_file_max_size=1,,"","367"
"Balizamiento","&lt;p&gt;Una marca esférica con franjas verticales rojas y blancas es:&lt;/p&gt;",,"",radio,1,"","","",off,off,1,"Una marca lateral que indica canal principal a babor::0::0::::::A::1442::::;;Una marca cardinal Norte::0::0::::::A::1443::::;;Una marca de aguas navegables::1::0::::::A::1444::::;;Una marca especial::0::0::::::A::1445::::;;",bg_image=::use_html=off::enable_question_text_max_length=off::question_text_max_length=::question_limit_text_type=characters::question_enable_text_message=off::enable_question_number_max_length=off::question_number_max_length=::quiz_hide_question_text=off::enable_max_selection_number=off::max_selection_number=::quiz_question_note_message=::enable_case_sensitive_text=off::enable_min_selection_number=off::min_selection_number=::enable_question_number_min_length=off::question_number_min_length=::enable_question_number_error_message=off::question_number_error_message=::quiz_enable_question_stripslashes=off::quiz_disable_answer_stripslashes=off::answer_slug_max_id=1::answer_incorrect_matches=::enable_question_upload_types=off::question_upload_types=::question_upload_file_max_size=1,,"","362"
"Balizamiento","&lt;p&gt;Una marca de peligro aislado…&lt;/p&gt;",,"",radio,1,"","","",off,off,1,"Es una marca colocada o fondeada sobre un peligro e indica que está prohibida la navegación a 200mt de ella::0::0::::::A::1434::::;;Es una marca colocada o fondeada sobre un peligro a cuyo alrededor las aguas no son navegables::0::0::::::A::1435::::;;Es una marca colocada o fondeada sobre un peligro a cuyo alrededor las aguas son navegables::1::0::::::A::1436::::;;Es una marca colocada o fondeada sobre un peligro que se encuentra al norte de la misma::0::0::::::A::1437::::;;",bg_image=::use_html=off::enable_question_text_max_length=off::question_text_max_length=::question_limit_text_type=characters::question_enable_text_message=off::enable_question_number_max_length=off::question_number_max_length=::quiz_hide_question_text=off::enable_max_selection_number=off::max_selection_number=::quiz_question_note_message=::enable_case_sensitive_text=off::enable_min_selection_number=off::min_selection_number=::enable_question_number_min_length=off::question_number_min_length=::enable_question_number_error_message=off::question_number_error_message=::quiz_enable_question_stripslashes=off::quiz_disable_answer_stripslashes=off::answer_slug_max_id=1::answer_incorrect_matches=::enable_question_upload_types=off::question_upload_types=::question_upload_file_max_size=1,,"","360"
"Balizamiento","&lt;p&gt;En la región A, en el punto de bifurcación de un canal, una marca lateral, de color roja con una banda ancha horizontal verde indica:&lt;/p&gt;",,"",radio,1,"","","",off,off,1,"Canal principal a babor.::0::0::::::A::1422::::;;Canal principal estribor::1::0::::::A::1423::::;;No indica nada, puesto que esta marca no existe::0::0::::::A::1424::::;;Ninguna de las anteriores::0::0::::::A::1425::::;;",bg_image=::use_html=off::enable_question_text_max_length=off::question_text_max_length=::question_limit_text_type=characters::question_enable_text_message=off::enable_question_number_max_length=off::question_number_max_length=::quiz_hide_question_text=off::enable_max_selection_number=off::max_selection_number=::quiz_question_note_message=::enable_case_sensitive_text=off::enable_min_selection_number=off::min_selection_number=::enable_question_number_min_length=off::question_number_min_length=::enable_question_number_error_message=off::question_number_error_message=::quiz_enable_question_stripslashes=off::quiz_disable_answer_stripslashes=off::answer_slug_max_id=1::answer_incorrect_matches=::enable_question_upload_types=off::question_upload_types=::question_upload_file_max_size=1,,"","357"
"Balizamiento","&lt;p&gt;La marca de tope de una marca especial es:&lt;/p&gt;",,"",radio,1,"","","",off,off,1,"Un aspa amarilla en forma de X::1::0::::::A::1418::::;;Un cono rojo::0::0::::::A::1419::::;;Una esfera verde::0::0::::::A::1420::::;;Una esfera roja::0::0::::::A::1421::::;;",bg_image=::use_html=off::enable_question_text_max_length=off::question_text_max_length=::question_limit_text_type=characters::question_enable_text_message=off::enable_question_number_max_length=off::question_number_max_length=::quiz_hide_question_text=off::enable_max_selection_number=off::max_selection_number=::quiz_question_note_message=::enable_case_sensitive_text=off::enable_min_selection_number=off::min_selection_number=::enable_question_number_min_length=off::question_number_min_length=::enable_question_number_error_message=off::question_number_error_message=::quiz_enable_question_stripslashes=off::quiz_disable_answer_stripslashes=off::answer_slug_max_id=1::answer_incorrect_matches=::enable_question_upload_types=off::question_upload_types=::question_upload_file_max_size=1,,"","356"
"Balizamiento","&lt;p&gt;Dos conos superpuestos, opuestos por sus bases, como marca de tope de una boya pintada con banda amarilla entre dos bandas negras, indica…&lt;/p&gt;",,"",radio,1,"","","",off,off,1,"Aguas más profundas al Oeste de la marca::0::0::::::A::1414::::;;Aguas más profundas al Norte de la marca::0::0::::::A::1415::::;;Aguas más profundas al Sur de la marca::0::0::::::A::1416::::;;Aguas más profundas al Este de la marca::1::0::::::A::1417::::;;",bg_image=::use_html=off::enable_question_text_max_length=off::question_text_max_length=::question_limit_text_type=characters::question_enable_text_message=off::enable_question_number_max_length=off::question_number_max_length=::quiz_hide_question_text=off::enable_max_selection_number=off::max_selection_number=::quiz_question_note_message=::enable_case_sensitive_text=off::enable_min_selection_number=off::min_selection_number=::enable_question_number_min_length=off::question_number_min_length=::enable_question_number_error_message=off::question_number_error_message=::quiz_enable_question_stripslashes=off::quiz_disable_answer_stripslashes=off::answer_slug_max_id=1::answer_incorrect_matches=::enable_question_upload_types=off::question_upload_types=::question_upload_file_max_size=1,,"","355"
"Balizamiento","&lt;p&gt;¿Cuál es la marca de tope de la marca cardinal Oeste?&lt;/p&gt;",,"",radio,1,"","","",off,off,1,"Dos conos superpuestos opuestos por sus vértices::1::0::::::A::1406::::;;Dos conos con el vértice hacia arriba::0::0::::::A::1407::::;;Dos conos con el vértice hacia abajo::0::0::::::A::1408::::;;Dos conos superpuestos, opuestos por sus bases::0::0::::::A::1409::::;;",bg_image=::use_html=off::enable_question_text_max_length=off::question_text_max_length=::question_limit_text_type=characters::question_enable_text_message=off::enable_question_number_max_length=off::question_number_max_length=::quiz_hide_question_text=off::enable_max_selection_number=off::max_selection_number=::quiz_question_note_message=::enable_case_sensitive_text=off::enable_min_selection_number=off::min_selection_number=::enable_question_number_min_length=off::question_number_min_length=::enable_question_number_error_message=off::question_number_error_message=::quiz_enable_question_stripslashes=off::quiz_disable_answer_stripslashes=off::answer_slug_max_id=1::answer_incorrect_matches=::enable_question_upload_types=off::question_upload_types=::question_upload_file_max_size=1,,"","353"
"Balizamiento","&lt;p&gt;El color de una marca de peligro aislado es:&lt;/p&gt;",,"",radio,1,"","","",off,off,1,"Verde con franjas horizontales rojas::0::0::::::A::1402::::;;Roja con bandas horizontales verdes::0::0::::::A::1403::::;;Negra con bandas horizontales rojas::1::0::::::A::1404::::;;Negra con bandas horizontales verdes::0::0::::::A::1405::::;;",bg_image=::use_html=off::enable_question_text_max_length=off::question_text_max_length=::question_limit_text_type=characters::question_enable_text_message=off::enable_question_number_max_length=off::question_number_max_length=::quiz_hide_question_text=off::enable_max_selection_number=off::max_selection_number=::quiz_question_note_message=::enable_case_sensitive_text=off::enable_min_selection_number=off::min_selection_number=::enable_question_number_min_length=off::question_number_min_length=::enable_question_number_error_message=off::question_number_error_message=::quiz_enable_question_stripslashes=off::quiz_disable_answer_stripslashes=off::answer_slug_max_id=1::answer_incorrect_matches=::enable_question_upload_types=off::question_upload_types=::question_upload_file_max_size=1,,"","352"
"Balizamiento","&lt;p&gt;Las marcas laterales de babor. ¿Qué forma pueden tener?&lt;/p&gt;",,"",radio,1,"","","",off,off,1,"Castillete::0::0::::::A::1394::::;;Espeque::0::0::::::A::1395::::;;Cilíndrica::0::0::::::A::1396::::;;Todas las respuestas anteriores son correctas::1::0::::::A::1397::::;;",bg_image=::use_html=off::enable_question_text_max_length=off::question_text_max_length=::question_limit_text_type=characters::question_enable_text_message=off::enable_question_number_max_length=off::question_number_max_length=::quiz_hide_question_text=off::enable_max_selection_number=off::max_selection_number=::quiz_question_note_message=::enable_case_sensitive_text=off::enable_min_selection_number=off::min_selection_number=::enable_question_number_min_length=off::question_number_min_length=::enable_question_number_error_message=off::question_number_error_message=::quiz_enable_question_stripslashes=off::quiz_disable_answer_stripslashes=off::answer_slug_max_id=1::answer_incorrect_matches=::enable_question_upload_types=off::question_upload_types=::question_upload_file_max_size=1,,"","350"
"Balizamiento","&lt;p&gt;La marca lateral de babor...&lt;/p&gt;",,"",radio,1,"","","",off,off,1,"Boya de espeque de color verde, con marca de tope cono verde::0::0::::::A::1386::::;;Boya cilíndrica de color rojo, con marca de tope cilindro rojo::1::0::::::A::1387::::;;Boya cónica de color rojo, con marca de tope cono de color rojo.::0::0::::::A::1388::::;;Boya castillete de color rojo, con marca de tope cono rojo::0::0::::::A::1389::::;;",bg_image=::use_html=off::enable_question_text_max_length=off::question_text_max_length=::question_limit_text_type=characters::question_enable_text_message=off::enable_question_number_max_length=off::question_number_max_length=::quiz_hide_question_text=off::enable_max_selection_number=off::max_selection_number=::quiz_question_note_message=::enable_case_sensitive_text=off::enable_min_selection_number=off::min_selection_number=::enable_question_number_min_length=off::question_number_min_length=::enable_question_number_error_message=off::question_number_error_message=::quiz_enable_question_stripslashes=off::quiz_disable_answer_stripslashes=off::answer_slug_max_id=1::answer_incorrect_matches=::enable_question_upload_types=off::question_upload_types=::question_upload_file_max_size=1,,"","348"
"Balizamiento","&lt;p&gt;Dos conos superpuestos con los vértices hacia arriba, es la marca de tope...&lt;/p&gt;",,"",radio,1,"","","",off,off,1,"Marca de peligro aislado::0::0::::::A::1378::::;;No existe::0::0::::::A::1379::::;;Marca cardinal norte::1::0::::::A::1380::::;;Ninguna de las respuestas es correcta::0::0::::::A::1381::::;;",bg_image=::use_html=off::enable_question_text_max_length=off::question_text_max_length=::question_limit_text_type=characters::question_enable_text_message=off::enable_question_number_max_length=off::question_number_max_length=::quiz_hide_question_text=off::enable_max_selection_number=off::max_selection_number=::quiz_question_note_message=::enable_case_sensitive_text=off::enable_min_selection_number=off::min_selection_number=::enable_question_number_min_length=off::question_number_min_length=::enable_question_number_error_message=off::question_number_error_message=::quiz_enable_question_stripslashes=off::quiz_disable_answer_stripslashes=off::answer_slug_max_id=1::answer_incorrect_matches=::enable_question_upload_types=off::question_upload_types=::question_upload_file_max_size=1,,"","346"
"Balizamiento","&lt;p&gt;Para indicar peligros aislados de dimensiones limitadas enteramente rodeados de aguas navegables, se utilizan…&lt;/p&gt;",,"",radio,1,"","","",off,off,1,"Marcas cardinales::0::0::::::A::1366::::;;Marcas de peligro aislado::1::0::::::A::1367::::;;Marcas especiales::0::0::::::A::1368::::;;Marcas de aguas navegables::0::0::::::A::1369::::;;",bg_image=::use_html=off::enable_question_text_max_length=off::question_text_max_length=::question_limit_text_type=characters::question_enable_text_message=off::enable_question_number_max_length=off::question_number_max_length=::quiz_hide_question_text=off::enable_max_selection_number=off::max_selection_number=::quiz_question_note_message=::enable_case_sensitive_text=off::enable_min_selection_number=off::min_selection_number=::enable_question_number_min_length=off::question_number_min_length=::enable_question_number_error_message=off::question_number_error_message=::quiz_enable_question_stripslashes=off::quiz_disable_answer_stripslashes=off::answer_slug_max_id=1::answer_incorrect_matches=::enable_question_upload_types=off::question_upload_types=::question_upload_file_max_size=1,,"","343"
"Balizamiento","&lt;p&gt;Para indicar una zona o una configuración particular, cuya naturaleza exacta está indicada en carta o publicaciones náuticas, se utilizan las…&lt;/p&gt;",,"",radio,1,"","","",off,off,1,"Marcas cardinales::0::0::::::A::1354::::;;Marcas de peligro aislado::0::0::::::A::1355::::;;Marcas de aguas navegables::0::0::::::A::1356::::;;Marcas especiales::1::0::::::A::1357::::;;",bg_image=::use_html=off::enable_question_text_max_length=off::question_text_max_length=::question_limit_text_type=characters::question_enable_text_message=off::enable_question_number_max_length=off::question_number_max_length=::quiz_hide_question_text=off::enable_max_selection_number=off::max_selection_number=::quiz_question_note_message=::enable_case_sensitive_text=off::enable_min_selection_number=off::min_selection_number=::enable_question_number_min_length=off::question_number_min_length=::enable_question_number_error_message=off::question_number_error_message=::quiz_enable_question_stripslashes=off::quiz_disable_answer_stripslashes=off::answer_slug_max_id=1::answer_incorrect_matches=::enable_question_upload_types=off::question_upload_types=::question_upload_file_max_size=1,,"","340"
"Balizamiento","&lt;p&gt;Una marca de tope consistente en dos conos negros superpuestos con los vértices hacia abajo, se deberá pasar por el cuadrante:&lt;/p&gt;",,"",radio,1,"","","",off,off,1,"Este::0::0::::::A::1350::::;;Oeste::0::0::::::A::1351::::;;Norte::0::0::::::A::1352::::;;Sur::1::0::::::A::1353::::;;",bg_image=::use_html=off::enable_question_text_max_length=off::question_text_max_length=::question_limit_text_type=characters::question_enable_text_message=off::enable_question_number_max_length=off::question_number_max_length=::quiz_hide_question_text=off::enable_max_selection_number=off::max_selection_number=::quiz_question_note_message=::enable_case_sensitive_text=off::enable_min_selection_number=off::min_selection_number=::enable_question_number_min_length=off::question_number_min_length=::enable_question_number_error_message=off::question_number_error_message=::quiz_enable_question_stripslashes=off::quiz_disable_answer_stripslashes=off::answer_slug_max_id=1::answer_incorrect_matches=::enable_question_upload_types=off::question_upload_types=::question_upload_file_max_size=1,,"","339"
"Balizamiento","&lt;p&gt;Las boyas de marcas especiales se utilizan para indicar:&lt;/p&gt;",,"",radio,1,"","","",off,off,1,"La situación de granjas marinas::0::0::::::A::1342::::;;La situación de reservas marinas::0::0::::::A::1343::::;;Zonas de ejercicios militares::0::0::::::A::1344::::;;Todas las respuestas son correctas::1::0::::::A::1345::::;;",bg_image=::use_html=off::enable_question_text_max_length=off::question_text_max_length=::question_limit_text_type=characters::question_enable_text_message=off::enable_question_number_max_length=off::question_number_max_length=::quiz_hide_question_text=off::enable_max_selection_number=off::max_selection_number=::quiz_question_note_message=::enable_case_sensitive_text=off::enable_min_selection_number=off::min_selection_number=::enable_question_number_min_length=off::question_number_min_length=::enable_question_number_error_message=off::question_number_error_message=::quiz_enable_question_stripslashes=off::quiz_disable_answer_stripslashes=off::answer_slug_max_id=1::answer_incorrect_matches=::enable_question_upload_types=off::question_upload_types=::question_upload_file_max_size=1,,"","337"
"Balizamiento","&lt;p&gt;Boya esférica, con marca de tope esférica a franjas verticales rojas y blancas, es una marca…&lt;/p&gt;",,"",radio,1,"","","",off,off,1,"De peligro aislado::0::0::::::A::1334::::;;De aguas navegables::1::0::::::A::1335::::;;Especial::0::0::::::A::1336::::;;Lateral::0::0::::::A::1337::::;;",bg_image=::use_html=off::enable_question_text_max_length=off::question_text_max_length=::question_limit_text_type=characters::question_enable_text_message=off::enable_question_number_max_length=off::question_number_max_length=::quiz_hide_question_text=off::enable_max_selection_number=off::max_selection_number=::quiz_question_note_message=::enable_case_sensitive_text=off::enable_min_selection_number=off::min_selection_number=::enable_question_number_min_length=off::question_number_min_length=::enable_question_number_error_message=off::question_number_error_message=::quiz_enable_question_stripslashes=off::quiz_disable_answer_stripslashes=off::answer_slug_max_id=1::answer_incorrect_matches=::enable_question_upload_types=off::question_upload_types=::question_upload_file_max_size=1,,"","335"
"Balizamiento","&lt;p&gt;El tope de las marcas laterales de babor de la Región A es:&lt;/p&gt;",,"",radio,1,"","","",off,off,1,"Un cilindro verde::0::0::::::A::1314::::;;Un cono rojo::0::0::::::A::1315::::;;Un cilindro rojo::1::0::::::A::1316::::;;Un cono verde::0::0::::::A::1317::::;;",bg_image=::use_html=off::enable_question_text_max_length=off::question_text_max_length=::question_limit_text_type=characters::question_enable_text_message=off::enable_question_number_max_length=off::question_number_max_length=::quiz_hide_question_text=off::enable_max_selection_number=off::max_selection_number=::quiz_question_note_message=::enable_case_sensitive_text=off::enable_min_selection_number=off::min_selection_number=::enable_question_number_min_length=off::question_number_min_length=::enable_question_number_error_message=off::question_number_error_message=::quiz_enable_question_stripslashes=off::quiz_disable_answer_stripslashes=off::answer_slug_max_id=1::answer_incorrect_matches=::enable_question_upload_types=off::question_upload_types=::question_upload_file_max_size=1,,"","330"
"Balizamiento","&lt;p&gt;Las marcas de tope que indican un peligro aislado son:&lt;/p&gt;",,"",radio,1,"","","",off,off,1,"Dos conos superpuestos con los vértices hacia abajo::0::0::::::A::1306::::;;Dos esferas negras superpuestas::1::0::::::A::1307::::;;Dos conos superpuestos con los vértices hacia arriba::0::0::::::A::1308::::;;Un aspa amarilla::0::0::::::A::1309::::;;",bg_image=::use_html=off::enable_question_text_max_length=off::question_text_max_length=::question_limit_text_type=characters::question_enable_text_message=off::enable_question_number_max_length=off::question_number_max_length=::quiz_hide_question_text=off::enable_max_selection_number=off::max_selection_number=::quiz_question_note_message=::enable_case_sensitive_text=off::enable_min_selection_number=off::min_selection_number=::enable_question_number_min_length=off::question_number_min_length=::enable_question_number_error_message=off::question_number_error_message=::quiz_enable_question_stripslashes=off::quiz_disable_answer_stripslashes=off::answer_slug_max_id=1::answer_incorrect_matches=::enable_question_upload_types=off::question_upload_types=::question_upload_file_max_size=1,,"","328"
"Balizamiento","&lt;p&gt;Para indicar que las aguas más profundas de la zona en que se encuentra colocada son las del cuadrante que da nombre a la marca, se utilizan…&lt;/p&gt;",,"",radio,1,"","","",off,off,1,"Marcas laterales::0::0::::::A::1298::::;;Marcas de aguas navegables::0::0::::::A::1299::::;;Marcas de peligro aislado::0::0::::::A::1300::::;;Marcas cardinales::1::0::::::A::1301::::;;",bg_image=::use_html=off::enable_question_text_max_length=off::question_text_max_length=::question_limit_text_type=characters::question_enable_text_message=off::enable_question_number_max_length=off::question_number_max_length=::quiz_hide_question_text=off::enable_max_selection_number=off::max_selection_number=::quiz_question_note_message=::enable_case_sensitive_text=off::enable_min_selection_number=off::min_selection_number=::enable_question_number_min_length=off::question_number_min_length=::enable_question_number_error_message=off::question_number_error_message=::quiz_enable_question_stripslashes=off::quiz_disable_answer_stripslashes=off::answer_slug_max_id=1::answer_incorrect_matches=::enable_question_upload_types=off::question_upload_types=::question_upload_file_max_size=1,,"","326"
"Balizamiento","&lt;p&gt;Para indicar los lados de babor y estribor de la derrota que debe seguir en un canal, se utilizan las…&lt;/p&gt;",,"",radio,1,"","","",off,off,1,"Marcas cardinales::0::0::::::A::1294::::;;Marcas laterales::1::0::::::A::1295::::;;Marcas de peligro aislado::0::0::::::A::1296::::;;Marcas especiales::0::0::::::A::1297::::;;",bg_image=::use_html=off::enable_question_text_max_length=off::question_text_max_length=::question_limit_text_type=characters::question_enable_text_message=off::enable_question_number_max_length=off::question_number_max_length=::quiz_hide_question_text=off::enable_max_selection_number=off::max_selection_number=::quiz_question_note_message=::enable_case_sensitive_text=off::enable_min_selection_number=off::min_selection_number=::enable_question_number_min_length=off::question_number_min_length=::enable_question_number_error_message=off::question_number_error_message=::quiz_enable_question_stripslashes=off::quiz_disable_answer_stripslashes=off::answer_slug_max_id=1::answer_incorrect_matches=::enable_question_upload_types=off::question_upload_types=::question_upload_file_max_size=1,,"","325"
"Balizamiento","&lt;p&gt;En una marca de peligro aislado el ritmo y el color de su luz es:&lt;/p&gt;",,"",radio,1,"","","",off,off,1,"Dos destellos de color rojo::0::0::::::A::1286::::;;Grupo de dos destellos de color verde::0::0::::::A::1287::::;;Grupo de dos destellos de color blanco::1::0::::::A::1288::::;;Un destello de color blanco::0::0::::::A::1289::::;;",bg_image=::use_html=off::enable_question_text_max_length=off::question_text_max_length=::question_limit_text_type=characters::question_enable_text_message=off::enable_question_number_max_length=off::question_number_max_length=::quiz_hide_question_text=off::enable_max_selection_number=off::max_selection_number=::quiz_question_note_message=::enable_case_sensitive_text=off::enable_min_selection_number=off::min_selection_number=::enable_question_number_min_length=off::question_number_min_length=::enable_question_number_error_message=off::question_number_error_message=::quiz_enable_question_stripslashes=off::quiz_disable_answer_stripslashes=off::answer_slug_max_id=1::answer_incorrect_matches=::enable_question_upload_types=off::question_upload_types=::question_upload_file_max_size=1,,"","323"
"Balizamiento","&lt;p&gt;Una luz amarilla en una boya, significa:&lt;/p&gt;",,"",radio,1,"","","",off,off,1,"Marca especial::1::0::::::A::1270::::;;Marca cardinal norte::0::0::::::A::1271::::;;Canal a estribor::0::0::::::A::1272::::;;Peligro aislado::0::0::::::A::1273::::;;",bg_image=::use_html=off::enable_question_text_max_length=off::question_text_max_length=::question_limit_text_type=characters::question_enable_text_message=off::enable_question_number_max_length=off::question_number_max_length=::quiz_hide_question_text=off::enable_max_selection_number=off::max_selection_number=::quiz_question_note_message=::enable_case_sensitive_text=off::enable_min_selection_number=off::min_selection_number=::enable_question_number_min_length=off::question_number_min_length=::enable_question_number_error_message=off::question_number_error_message=::quiz_enable_question_stripslashes=off::quiz_disable_answer_stripslashes=off::answer_slug_max_id=1::answer_incorrect_matches=::enable_question_upload_types=off::question_upload_types=::question_upload_file_max_size=1,,"","319"
"Balizamiento","&lt;p&gt;¿Cuál es la marca de tope de un espeque que indica aguas navegables?:&lt;/p&gt;",,"",radio,1,"","","",off,off,1,"Dos conos negros superpuestos::0::0::::::A::1266::::;;Dos esferas negras superpuestas::0::0::::::A::1267::::;;Una esfera roja::1::0::::::A::1268::::;;Un aspa::0::0::::::A::1269::::;;",bg_image=::use_html=off::enable_question_text_max_length=off::question_text_max_length=::question_limit_text_type=characters::question_enable_text_message=off::enable_question_number_max_length=off::question_number_max_length=::quiz_hide_question_text=off::enable_max_selection_number=off::max_selection_number=::quiz_question_note_message=::enable_case_sensitive_text=off::enable_min_selection_number=off::min_selection_number=::enable_question_number_min_length=off::question_number_min_length=::enable_question_number_error_message=off::question_number_error_message=::quiz_enable_question_stripslashes=off::quiz_disable_answer_stripslashes=off::answer_slug_max_id=1::answer_incorrect_matches=::enable_question_upload_types=off::question_upload_types=::question_upload_file_max_size=1,,"","318"
"Balizamiento","&lt;p&gt;Un espeque de color negro con una franja central roja, nos indica la existencia de:&lt;/p&gt;",,"",radio,1,"","","",off,off,1,"Aguas navegables::0::0::::::A::1250::::;;Peligro especial::0::0::::::A::1251::::;;Peligro aislado::1::0::::::A::1252::::;;Peligro sumergido::0::0::::::A::1253::::;;",bg_image=::use_html=off::enable_question_text_max_length=off::question_text_max_length=::question_limit_text_type=characters::question_enable_text_message=off::enable_question_number_max_length=off::question_number_max_length=::quiz_hide_question_text=off::enable_max_selection_number=off::max_selection_number=::quiz_question_note_message=::enable_case_sensitive_text=off::enable_min_selection_number=off::min_selection_number=::enable_question_number_min_length=off::question_number_min_length=::enable_question_number_error_message=off::question_number_error_message=::quiz_enable_question_stripslashes=off::quiz_disable_answer_stripslashes=off::answer_slug_max_id=1::answer_incorrect_matches=::enable_question_upload_types=off::question_upload_types=::question_upload_file_max_size=1,,"","314"
"Balizamiento","&lt;p&gt;Una marca cardinal este, tiene como marca de tope:&lt;/p&gt;",,"",radio,1,"","","",off,off,1,"Dos conos negros superpuestos, opuestos por la base::1::0::::::A::1246::::;;Dos conos negros superpuestos, unidos por el vértice::0::0::::::A::1247::::;;Dos conos negros superpuestos, con el vértice hacia arriba::0::0::::::A::1248::::;;Dos conos negros superpuestos, con el vértice hacia abajo::0::0::::::A::1249::::;;",bg_image=::use_html=off::enable_question_text_max_length=off::question_text_max_length=::question_limit_text_type=characters::question_enable_text_message=off::enable_question_number_max_length=off::question_number_max_length=::quiz_hide_question_text=off::enable_max_selection_number=off::max_selection_number=::quiz_question_note_message=::enable_case_sensitive_text=off::enable_min_selection_number=off::min_selection_number=::enable_question_number_min_length=off::question_number_min_length=::enable_question_number_error_message=off::question_number_error_message=::quiz_enable_question_stripslashes=off::quiz_disable_answer_stripslashes=off::answer_slug_max_id=1::answer_incorrect_matches=::enable_question_upload_types=off::question_upload_types=::question_upload_file_max_size=1,,"","313"
"Balizamiento","&lt;p&gt;Las marcas laterales de la región A utilizan los siguientes colores para indicar los lados de un canal:&lt;/p&gt;",,"",radio,1,"","","",off,off,1,"Amarillo y verde::0::0::::::A::1238::::;;Rojo y verde::1::0::::::A::1239::::;;Amarillo y rojo::0::0::::::A::1240::::;;Naranja y amarillo::0::0::::::A::1241::::;;",bg_image=::use_html=off::enable_question_text_max_length=off::question_text_max_length=::question_limit_text_type=characters::question_enable_text_message=off::enable_question_number_max_length=off::question_number_max_length=::quiz_hide_question_text=off::enable_max_selection_number=off::max_selection_number=::quiz_question_note_message=::enable_case_sensitive_text=off::enable_min_selection_number=off::min_selection_number=::enable_question_number_min_length=off::question_number_min_length=::enable_question_number_error_message=off::question_number_error_message=::quiz_enable_question_stripslashes=off::quiz_disable_answer_stripslashes=off::answer_slug_max_id=1::answer_incorrect_matches=::enable_question_upload_types=off::question_upload_types=::question_upload_file_max_size=1,,"","311"
"Balizamiento","&lt;p&gt;Boya de castillete de color amarillo con banda ancha horizontal negra, y cuya marca de tope son 2 conos negros superpuestos opuestos por sus vértices, indica...&lt;/p&gt;",,"",radio,1,"","","",off,off,1,"Aguas navegables al Sur de la marca::0::0::::::A::1230::::;;Aguas navegables al Oeste de la marca::1::0::::::A::1231::::;;Aguas navegables al Este de la marca::0::0::::::A::1232::::;;Ninguna de las respuestas es correcta::0::0::::::A::1233::::;;",bg_image=::use_html=off::enable_question_text_max_length=off::question_text_max_length=::question_limit_text_type=characters::question_enable_text_message=off::enable_question_number_max_length=off::question_number_max_length=::quiz_hide_question_text=off::enable_max_selection_number=off::max_selection_number=::quiz_question_note_message=::enable_case_sensitive_text=off::enable_min_selection_number=off::min_selection_number=::enable_question_number_min_length=off::question_number_min_length=::enable_question_number_error_message=off::question_number_error_message=::quiz_enable_question_stripslashes=off::quiz_disable_answer_stripslashes=off::answer_slug_max_id=1::answer_incorrect_matches=::enable_question_upload_types=off::question_upload_types=::question_upload_file_max_size=1,,"","309"
"Balizamiento","&lt;p&gt;Las marcas laterales de babor. ¿Qué forma pueden tener?&lt;/p&gt;",,"",radio,1,"","","",off,off,1,"Castillete::0::0::::::A::1222::::;;Espeque::0::0::::::A::1223::::;;Cilíndrica::0::0::::::A::1224::::;;Todas las respuestas anteriores son correctas::1::0::::::A::1225::::;;",bg_image=::use_html=off::enable_question_text_max_length=off::question_text_max_length=::question_limit_text_type=characters::question_enable_text_message=off::enable_question_number_max_length=off::question_number_max_length=::quiz_hide_question_text=off::enable_max_selection_number=off::max_selection_number=::quiz_question_note_message=::enable_case_sensitive_text=off::enable_min_selection_number=off::min_selection_number=::enable_question_number_min_length=off::question_number_min_length=::enable_question_number_error_message=off::question_number_error_message=::quiz_enable_question_stripslashes=off::quiz_disable_answer_stripslashes=off::answer_slug_max_id=1::answer_incorrect_matches=::enable_question_upload_types=off::question_upload_types=::question_upload_file_max_size=1,,"","307"
"Balizamiento","&lt;p&gt;Las boyas de marcas especiales se utilizan para indicar:&lt;/p&gt;",,"",radio,1,"","","",off,off,1,"La situación de granjas marinas::0::0::::::A::1214::::;;La situación de reservas marinas::0::0::::::A::1215::::;;Zonas de ejercicios militares::0::0::::::A::1216::::;;Todas las respuestas son correctas::1::0::::::A::1217::::;;",bg_image=::use_html=off::enable_question_text_max_length=off::question_text_max_length=::question_limit_text_type=characters::question_enable_text_message=off::enable_question_number_max_length=off::question_number_max_length=::quiz_hide_question_text=off::enable_max_selection_number=off::max_selection_number=::quiz_question_note_message=::enable_case_sensitive_text=off::enable_min_selection_number=off::min_selection_number=::enable_question_number_min_length=off::question_number_min_length=::enable_question_number_error_message=off::question_number_error_message=::quiz_enable_question_stripslashes=off::quiz_disable_answer_stripslashes=off::answer_slug_max_id=1::answer_incorrect_matches=::enable_question_upload_types=off::question_upload_types=::question_upload_file_max_size=1,,"","305"
"Balizamiento","&lt;p&gt;Boya de color negro, con varias bandas horizontales rojas y con la marca de tope de dos esferas negras superpuestas,...&lt;/p&gt;",,"",radio,1,"","","",off,off,1,"Indica un punto de recalada::0::0::::::A::1206::::;;Define los ejes de un canal::0::0::::::A::1207::::;;Indica un peligro aislado::1::0::::::A::1208::::;;No existe::0::0::::::A::1209::::;;",bg_image=::use_html=off::enable_question_text_max_length=off::question_text_max_length=::question_limit_text_type=characters::question_enable_text_message=off::enable_question_number_max_length=off::question_number_max_length=::quiz_hide_question_text=off::enable_max_selection_number=off::max_selection_number=::quiz_question_note_message=::enable_case_sensitive_text=off::enable_min_selection_number=off::min_selection_number=::enable_question_number_min_length=off::question_number_min_length=::enable_question_number_error_message=off::question_number_error_message=::quiz_enable_question_stripslashes=off::quiz_disable_answer_stripslashes=off::answer_slug_max_id=1::answer_incorrect_matches=::enable_question_upload_types=off::question_upload_types=::question_upload_file_max_size=1,,"","303"
"Balizamiento","&lt;p&gt;¿Cuál es la marca de tope de la marca cardinal Norte?&lt;/p&gt;",,"",radio,1,"","","",off,off,1,"Dos conos con el vértice hacia arriba::1::0::::::A::1198::::;;Dos conos con el vértice hacia abajo::0::0::::::A::1199::::;;Dos conos superpuestos opuestos por sus vértices::0::0::::::A::1200::::;;Dos conos superpuestos, opuestos por sus bases::0::0::::::A::1201::::;;",bg_image=::use_html=off::enable_question_text_max_length=off::question_text_max_length=::question_limit_text_type=characters::question_enable_text_message=off::enable_question_number_max_length=off::question_number_max_length=::quiz_hide_question_text=off::enable_max_selection_number=off::max_selection_number=::quiz_question_note_message=::enable_case_sensitive_text=off::enable_min_selection_number=off::min_selection_number=::enable_question_number_min_length=off::question_number_min_length=::enable_question_number_error_message=off::question_number_error_message=::quiz_enable_question_stripslashes=off::quiz_disable_answer_stripslashes=off::answer_slug_max_id=1::answer_incorrect_matches=::enable_question_upload_types=off::question_upload_types=::question_upload_file_max_size=1,,"","301"
"Balizamiento","&lt;p&gt;Las marcas especiales son de color&lt;/p&gt;",,"",radio,1,"","","",off,off,1,"Amarillo y pueden llevar una marca de tope en forma de V::0::0::::::A::1174::::;;Rojo y pueden llevar una marca de tope en forma de V::0::0::::::A::1175::::;;Negro y pueden llevar una marca de tope en forma de X::0::0::::::A::1176::::;;Amarillo y pueden llevar una marca de tope en forma de X::1::0::::::A::1177::::;;",bg_image=::use_html=off::enable_question_text_max_length=off::question_text_max_length=::question_limit_text_type=characters::question_enable_text_message=off::enable_question_number_max_length=off::question_number_max_length=::quiz_hide_question_text=off::enable_max_selection_number=off::max_selection_number=::quiz_question_note_message=::enable_case_sensitive_text=off::enable_min_selection_number=off::min_selection_number=::enable_question_number_min_length=off::question_number_min_length=::enable_question_number_error_message=off::question_number_error_message=::quiz_enable_question_stripslashes=off::quiz_disable_answer_stripslashes=off::answer_slug_max_id=1::answer_incorrect_matches=::enable_question_upload_types=off::question_upload_types=::question_upload_file_max_size=1,,"","295"
"Balizamiento","&lt;p&gt;Los topes de las marcas de peligro aislado son:&lt;/p&gt;",,"",radio,1,"","","",off,off,1,"Dos esferas negras superpuestas::1::0::::::A::1170::::;;Dos conos negros superpuestos::0::0::::::A::1171::::;;Dos esferas rojas superpuestas::0::0::::::A::1172::::;;Dos conos verdes superpuestos::0::0::::::A::1173::::;;",bg_image=::use_html=off::enable_question_text_max_length=off::question_text_max_length=::question_limit_text_type=characters::question_enable_text_message=off::enable_question_number_max_length=off::question_number_max_length=::quiz_hide_question_text=off::enable_max_selection_number=off::max_selection_number=::quiz_question_note_message=::enable_case_sensitive_text=off::enable_min_selection_number=off::min_selection_number=::enable_question_number_min_length=off::question_number_min_length=::enable_question_number_error_message=off::question_number_error_message=::quiz_enable_question_stripslashes=off::quiz_disable_answer_stripslashes=off::answer_slug_max_id=1::answer_incorrect_matches=::enable_question_upload_types=off::question_upload_types=::question_upload_file_max_size=1,,"","294"
"Balizamiento","&lt;p&gt;Respecto a una baliza, que muestra como marca de tope DOS conos negros superpuestos con vértices hacia arriba, ¿dónde se encuentran las aguas navegables?:&lt;/p&gt;",,"",radio,1,"","","",off,off,1,"Al norte de la marca::1::0::::::A::1162::::;;Al sur de la marca::0::0::::::A::1163::::;;Al este de la marca::0::0::::::A::1164::::;;Al oeste de la marca::0::0::::::A::1165::::;;",bg_image=::use_html=off::enable_question_text_max_length=off::question_text_max_length=::question_limit_text_type=characters::question_enable_text_message=off::enable_question_number_max_length=off::question_number_max_length=::quiz_hide_question_text=off::enable_max_selection_number=off::max_selection_number=::quiz_question_note_message=::enable_case_sensitive_text=off::enable_min_selection_number=off::min_selection_number=::enable_question_number_min_length=off::question_number_min_length=::enable_question_number_error_message=off::question_number_error_message=::quiz_enable_question_stripslashes=off::quiz_disable_answer_stripslashes=off::answer_slug_max_id=1::answer_incorrect_matches=::enable_question_upload_types=off::question_upload_types=::question_upload_file_max_size=1,,"","292"
"Balizamiento","&lt;p&gt;El ritmo de la luz de la marca de tope de una marca cardinal Oeste, es:&lt;/p&gt;",,"",radio,1,"","","",off,off,1,"9 centelleos muy rápidos seguidos de un período de oscuridad::1::0::::::A::1154::::;;6 centelleos muy rápidos seguidos de un período de oscuridad::0::0::::::A::1155::::;;3 centelleos muy rápidos seguidos de un período de oscuridad::0::0::::::A::1156::::;;Centelleo continuo muy rápido::0::0::::::A::1157::::;;",bg_image=::use_html=off::enable_question_text_max_length=off::question_text_max_length=::question_limit_text_type=characters::question_enable_text_message=off::enable_question_number_max_length=off::question_number_max_length=::quiz_hide_question_text=off::enable_max_selection_number=off::max_selection_number=::quiz_question_note_message=::enable_case_sensitive_text=off::enable_min_selection_number=off::min_selection_number=::enable_question_number_min_length=off::question_number_min_length=::enable_question_number_error_message=off::question_number_error_message=::quiz_enable_question_stripslashes=off::quiz_disable_answer_stripslashes=off::answer_slug_max_id=1::answer_incorrect_matches=::enable_question_upload_types=off::question_upload_types=::question_upload_file_max_size=1,,"","290"
"Balizamiento","&lt;p&gt;Cuando llegamos a puerto desde la mar, las luces que debemos dejar por babor son&lt;/p&gt;",,"",radio,1,"","","",off,off,1,"Verdes::0::0::::::A::1146::::;;Rojas::1::0::::::A::1147::::;;Amarillas::0::0::::::A::1148::::;;Grupo de 2 destellos más 1::0::0::::::A::1149::::;;",bg_image=::use_html=off::enable_question_text_max_length=off::question_text_max_length=::question_limit_text_type=characters::question_enable_text_message=off::enable_question_number_max_length=off::question_number_max_length=::quiz_hide_question_text=off::enable_max_selection_number=off::max_selection_number=::quiz_question_note_message=::enable_case_sensitive_text=off::enable_min_selection_number=off::min_selection_number=::enable_question_number_min_length=off::question_number_min_length=::enable_question_number_error_message=off::question_number_error_message=::quiz_enable_question_stripslashes=off::quiz_disable_answer_stripslashes=off::answer_slug_max_id=1::answer_incorrect_matches=::enable_question_upload_types=off::question_upload_types=::question_upload_file_max_size=1,,"","288"
"Balizamiento","&lt;p&gt;La forma y color de una boya de marca especial será:&lt;/p&gt;",,"",radio,1,"","","",off,off,1,"Cilíndrica y color verde::0::0::::::A::1134::::;;Esférica y color rojo::0::0::::::A::1135::::;;Cualquiera y color rojo::0::0::::::A::1136::::;;Cualquiera y color amarillo::1::0::::::A::1137::::;;",bg_image=::use_html=off::enable_question_text_max_length=off::question_text_max_length=::question_limit_text_type=characters::question_enable_text_message=off::enable_question_number_max_length=off::question_number_max_length=::quiz_hide_question_text=off::enable_max_selection_number=off::max_selection_number=::quiz_question_note_message=::enable_case_sensitive_text=off::enable_min_selection_number=off::min_selection_number=::enable_question_number_min_length=off::question_number_min_length=::enable_question_number_error_message=off::question_number_error_message=::quiz_enable_question_stripslashes=off::quiz_disable_answer_stripslashes=off::answer_slug_max_id=1::answer_incorrect_matches=::enable_question_upload_types=off::question_upload_types=::question_upload_file_max_size=1,,"","285"
"Balizamiento","&lt;p&gt;Una marca esférica con franjas verticales rojas y blancas es:&lt;/p&gt;",,"",radio,1,"","","",off,off,1,"Una marca lateral que indica canal principal a babor::0::0::::::A::1130::::;;Una marca cardinal Norte::0::0::::::A::1131::::;;Una marca de aguas navegables::1::0::::::A::1132::::;;Una marca especial::0::0::::::A::1133::::;;",bg_image=::use_html=off::enable_question_text_max_length=off::question_text_max_length=::question_limit_text_type=characters::question_enable_text_message=off::enable_question_number_max_length=off::question_number_max_length=::quiz_hide_question_text=off::enable_max_selection_number=off::max_selection_number=::quiz_question_note_message=::enable_case_sensitive_text=off::enable_min_selection_number=off::min_selection_number=::enable_question_number_min_length=off::question_number_min_length=::enable_question_number_error_message=off::question_number_error_message=::quiz_enable_question_stripslashes=off::quiz_disable_answer_stripslashes=off::answer_slug_max_id=1::answer_incorrect_matches=::enable_question_upload_types=off::question_upload_types=::question_upload_file_max_size=1,,"","284"
"Balizamiento","&lt;p&gt;¿Cómo estará balizado un peligro aislado?&lt;/p&gt;",,"",radio,1,"","","",off,off,1,"Con un castillete o espeque de color negro, provisto de una o más franjas rojas horizontales::0::0::::::A::1122::::;;Poseerá como marca de tope una esfera roja::0::0::::::A::1123::::;;Poseerá como marca de tope dos esferas negras::0::0::::::A::1124::::;;Las respuestas a) y c) son correctas::1::0::::::A::1125::::;;",bg_image=::use_html=off::enable_question_text_max_length=off::question_text_max_length=::question_limit_text_type=characters::question_enable_text_message=off::enable_question_number_max_length=off::question_number_max_length=::quiz_hide_question_text=off::enable_max_selection_number=off::max_selection_number=::quiz_question_note_message=::enable_case_sensitive_text=off::enable_min_selection_number=off::min_selection_number=::enable_question_number_min_length=off::question_number_min_length=::enable_question_number_error_message=off::question_number_error_message=::quiz_enable_question_stripslashes=off::quiz_disable_answer_stripslashes=off::answer_slug_max_id=1::answer_incorrect_matches=::enable_question_upload_types=off::question_upload_types=::question_upload_file_max_size=1,,"","282"
"Balizamiento","&lt;p&gt;Dos conos superpuestos con los vértices hacia arriba, es la marca de tope de...&lt;/p&gt;",,"",radio,1,"","","",off,off,1,"Marca de peligro aislado::0::0::::::A::1114::::;;Marca cardinal Norte::1::0::::::A::1115::::;;No existe::0::0::::::A::1116::::;;Ninguna de las respuestas es correcta::0::0::::::A::1117::::;;",bg_image=::use_html=off::enable_question_text_max_length=off::question_text_max_length=::question_limit_text_type=characters::question_enable_text_message=off::enable_question_number_max_length=off::question_number_max_length=::quiz_hide_question_text=off::enable_max_selection_number=off::max_selection_number=::quiz_question_note_message=::enable_case_sensitive_text=off::enable_min_selection_number=off::min_selection_number=::enable_question_number_min_length=off::question_number_min_length=::enable_question_number_error_message=off::question_number_error_message=::quiz_enable_question_stripslashes=off::quiz_disable_answer_stripslashes=off::answer_slug_max_id=1::answer_incorrect_matches=::enable_question_upload_types=off::question_upload_types=::question_upload_file_max_size=1,,"","280"
"Balizamiento","&lt;p&gt;Cuando llegamos a puerto desde la mar, las luces que debemos dejar por estribor son:&lt;/p&gt;",,"",radio,1,"","","",off,off,1,"Verdes::1::0::::::A::1106::::;;Rojas::0::0::::::A::1107::::;;Amarillas::0::0::::::A::1108::::;;Grupo de 2 destellos más 1::0::0::::::A::1109::::;;",bg_image=::use_html=off::enable_question_text_max_length=off::question_text_max_length=::question_limit_text_type=characters::question_enable_text_message=off::enable_question_number_max_length=off::question_number_max_length=::quiz_hide_question_text=off::enable_max_selection_number=off::max_selection_number=::quiz_question_note_message=::enable_case_sensitive_text=off::enable_min_selection_number=off::min_selection_number=::enable_question_number_min_length=off::question_number_min_length=::enable_question_number_error_message=off::question_number_error_message=::quiz_enable_question_stripslashes=off::quiz_disable_answer_stripslashes=off::answer_slug_max_id=1::answer_incorrect_matches=::enable_question_upload_types=off::question_upload_types=::question_upload_file_max_size=1,,"","278"
"Balizamiento","&lt;p&gt;Una marca de peligro aislado...&lt;/p&gt;",,"",radio,1,"","","",off,off,1,"Es una marca colocada o fondeada sobre un peligro e indica que está prohibida la navegación a 200m de ella::0::0::::::A::1094::::;;Es una marca colocada o fondeada sobre un peligro a cuyo alrededor las aguas no son navegables::0::0::::::A::1095::::;;Es una marca colocada o fondeada sobre un peligro a cuyo alrededor las aguas son navegables::1::0::::::A::1096::::;;Es una marca colocada o fondeada sobre un peligro que se encuentra al norte de la misma::0::0::::::A::1097::::;;",bg_image=::use_html=off::enable_question_text_max_length=off::question_text_max_length=::question_limit_text_type=characters::question_enable_text_message=off::enable_question_number_max_length=off::question_number_max_length=::quiz_hide_question_text=off::enable_max_selection_number=off::max_selection_number=::quiz_question_note_message=::enable_case_sensitive_text=off::enable_min_selection_number=off::min_selection_number=::enable_question_number_min_length=off::question_number_min_length=::enable_question_number_error_message=off::question_number_error_message=::quiz_enable_question_stripslashes=off::quiz_disable_answer_stripslashes=off::answer_slug_max_id=1::answer_incorrect_matches=::enable_question_upload_types=off::question_upload_types=::question_upload_file_max_size=1,,"","275"
"Balizamiento","&lt;p&gt;¿De qué color son las marcas de aguas navegables?&lt;/p&gt;",,"",radio,1,"","","",off,off,1,"Franjas rojas y negras::0::0::::::A::1090::::;;Franjas verde y amarilla::0::0::::::A::1091::::;;Franjas amarillas y azules::0::0::::::A::1092::::;;Franjas rojas y blancas::1::0::::::A::1093::::;;",bg_image=::use_html=off::enable_question_text_max_length=off::question_text_max_length=::question_limit_text_type=characters::question_enable_text_message=off::enable_question_number_max_length=off::question_number_max_length=::quiz_hide_question_text=off::enable_max_selection_number=off::max_selection_number=::quiz_question_note_message=::enable_case_sensitive_text=off::enable_min_selection_number=off::min_selection_number=::enable_question_number_min_length=off::question_number_min_length=::enable_question_number_error_message=off::question_number_error_message=::quiz_enable_question_stripslashes=off::quiz_disable_answer_stripslashes=off::answer_slug_max_id=1::answer_incorrect_matches=::enable_question_upload_types=off::question_upload_types=::question_upload_file_max_size=1,,"","274"
"Balizamiento","&lt;p&gt;¿Qué color tienen las marcas especiales?&lt;/p&gt;",,"",radio,1,"","","",off,off,1,"Blanco::0::0::::::A::1086::::;;Rojo::0::0::::::A::1087::::;;Verde::0::0::::::A::1088::::;;Amarillo::1::0::::::A::1089::::;;",bg_image=::use_html=off::enable_question_text_max_length=off::question_text_max_length=::question_limit_text_type=characters::question_enable_text_message=off::enable_question_number_max_length=off::question_number_max_length=::quiz_hide_question_text=off::enable_max_selection_number=off::max_selection_number=::quiz_question_note_message=::enable_case_sensitive_text=off::enable_min_selection_number=off::min_selection_number=::enable_question_number_min_length=off::question_number_min_length=::enable_question_number_error_message=off::question_number_error_message=::quiz_enable_question_stripslashes=off::quiz_disable_answer_stripslashes=off::answer_slug_max_id=1::answer_incorrect_matches=::enable_question_upload_types=off::question_upload_types=::question_upload_file_max_size=1,,"","273"
"Balizamiento","&lt;p&gt;La marca cardinal consistente en dos conos superpuestos opuestos por sus bases y color banda amarilla entre dos bandas negras, nos indica que las aguas navegables con relación a dicha marca están situadas al:&lt;/p&gt;",,"",radio,1,"","","",off,off,1,"Norte::0::0::::::A::1082::::;;Este::1::0::::::A::1083::::;;Sur::0::0::::::A::1084::::;;Oeste::0::0::::::A::1085::::;;",bg_image=::use_html=off::enable_question_text_max_length=off::question_text_max_length=::question_limit_text_type=characters::question_enable_text_message=off::enable_question_number_max_length=off::question_number_max_length=::quiz_hide_question_text=off::enable_max_selection_number=off::max_selection_number=::quiz_question_note_message=::enable_case_sensitive_text=off::enable_min_selection_number=off::min_selection_number=::enable_question_number_min_length=off::question_number_min_length=::enable_question_number_error_message=off::question_number_error_message=::quiz_enable_question_stripslashes=off::quiz_disable_answer_stripslashes=off::answer_slug_max_id=1::answer_incorrect_matches=::enable_question_upload_types=off::question_upload_types=::question_upload_file_max_size=1,,"","272"
"Balizamiento","&lt;p&gt;A la entrada de un canal de acceso viniendo de alta mar, en la región A, deberemos dejar:&lt;/p&gt;",,"",radio,1,"","","",off,off,1,"La boya verde en estribor::0::0::::::A::1078::::;;La boya verde en babor::0::0::::::A::1079::::;;La boya roja en babor::0::0::::::A::1080::::;;Las respuestas a) y c) son correctas::1::0::::::A::1081::::;;",bg_image=::use_html=off::enable_question_text_max_length=off::question_text_max_length=::question_limit_text_type=characters::question_enable_text_message=off::enable_question_number_max_length=off::question_number_max_length=::quiz_hide_question_text=off::enable_max_selection_number=off::max_selection_number=::quiz_question_note_message=::enable_case_sensitive_text=off::enable_min_selection_number=off::min_selection_number=::enable_question_number_min_length=off::question_number_min_length=::enable_question_number_error_message=off::question_number_error_message=::quiz_enable_question_stripslashes=off::quiz_disable_answer_stripslashes=off::answer_slug_max_id=1::answer_incorrect_matches=::enable_question_upload_types=off::question_upload_types=::question_upload_file_max_size=1,,"","271"
"Balizamiento","&lt;p&gt;¿Cuál es la marca de tope de la baliza de aguas navegables?&lt;/p&gt;",,"",radio,1,"","","",off,off,1,"Dos conos opuestos por sus vértices::0::0::::::A::1074::::;;Una esfera roja::1::0::::::A::1075::::;;Dos esferas negras en vertical::0::0::::::A::1076::::;;Dos conos superpuestos con los vértices hacia arriba::0::0::::::A::1077::::;;",bg_image=::use_html=off::enable_question_text_max_length=off::question_text_max_length=::question_limit_text_type=characters::question_enable_text_message=off::enable_question_number_max_length=off::question_number_max_length=::quiz_hide_question_text=off::enable_max_selection_number=off::max_selection_number=::quiz_question_note_message=::enable_case_sensitive_text=off::enable_min_selection_number=off::min_selection_number=::enable_question_number_min_length=off::question_number_min_length=::enable_question_number_error_message=off::question_number_error_message=::quiz_enable_question_stripslashes=off::quiz_disable_answer_stripslashes=off::answer_slug_max_id=1::answer_incorrect_matches=::enable_question_upload_types=off::question_upload_types=::question_upload_file_max_size=1,,"","270"
"Balizamiento","&lt;p&gt;Si vemos una marca con dos conos negros, opuestos por su base&lt;/p&gt;",,"",radio,1,"","","",off,off,1,"Maniobraremos para pasar al norte de ella::0::0::::::A::1070::::;;Maniobraremos para dejarla por el oeste::1::0::::::A::1071::::;;Índica peligro aislado::0::0::::::A::1072::::;;Significa aguas navegables::0::0::::::A::1073::::;;",bg_image=::use_html=off::enable_question_text_max_length=off::question_text_max_length=::question_limit_text_type=characters::question_enable_text_message=off::enable_question_number_max_length=off::question_number_max_length=::quiz_hide_question_text=off::enable_max_selection_number=off::max_selection_number=::quiz_question_note_message=::enable_case_sensitive_text=off::enable_min_selection_number=off::min_selection_number=::enable_question_number_min_length=off::question_number_min_length=::enable_question_number_error_message=off::question_number_error_message=::quiz_enable_question_stripslashes=off::quiz_disable_answer_stripslashes=off::answer_slug_max_id=1::answer_incorrect_matches=::enable_question_upload_types=off::question_upload_types=::question_upload_file_max_size=1,,"","269"
"Balizamiento","&lt;p&gt;De las siguientes afirmaciones, indique la que NO corresponde con una marca cardinal:&lt;/p&gt;",,"",radio,1,"","","",off,off,1,"Nos indican las aguas que son navegables::0::0::::::A::1066::::;;Están pintadas con franjas amarillas y negras::0::0::::::A::1067::::;;La marca de tope está formada por dos conos::0::0::::::A::1068::::;;Están pintadas de franjas rojas y blancas::1::0::::::A::1069::::;;",bg_image=::use_html=off::enable_question_text_max_length=off::question_text_max_length=::question_limit_text_type=characters::question_enable_text_message=off::enable_question_number_max_length=off::question_number_max_length=::quiz_hide_question_text=off::enable_max_selection_number=off::max_selection_number=::quiz_question_note_message=::enable_case_sensitive_text=off::enable_min_selection_number=off::min_selection_number=::enable_question_number_min_length=off::question_number_min_length=::enable_question_number_error_message=off::question_number_error_message=::quiz_enable_question_stripslashes=off::quiz_disable_answer_stripslashes=off::answer_slug_max_id=1::answer_incorrect_matches=::enable_question_upload_types=off::question_upload_types=::question_upload_file_max_size=1,,"","268"
"Balizamiento","&lt;p&gt;Vamos navegando por la región A y vemos una marca de color negro, con unas bandas anchas horizontales rojas y con una marca de tope formada por dos esferas negras superpuestas. ¿Cómo debemos proceder?:&lt;/p&gt;",,"",radio,1,"","","",off,off,1,"Daremos la vuelta, puesto que nos está indicando una zona en la que está prohibida la navegación.::0::0::::::A::1062::::;;Podremos seguir nuestro rumbo, con cuidado de no pasar por donde está fondeada la marca, pues nos está indicando un peligro aislado::1::0::::::A::1063::::;;Nos está indicando un canal de navegación secundario, y al ser roja, la dejaremos por nuestra banda de babor::0::0::::::A::1064::::;;Consultaremos la carta o las publicaciones náuticas que llevemos a bordo, al ser una marca especial, para ver la naturaleza exacta de lo que está indicando::0::0::::::A::1065::::;;",bg_image=::use_html=off::enable_question_text_max_length=off::question_text_max_length=::question_limit_text_type=characters::question_enable_text_message=off::enable_question_number_max_length=off::question_number_max_length=::quiz_hide_question_text=off::enable_max_selection_number=off::max_selection_number=::quiz_question_note_message=::enable_case_sensitive_text=off::enable_min_selection_number=off::min_selection_number=::enable_question_number_min_length=off::question_number_min_length=::enable_question_number_error_message=off::question_number_error_message=::quiz_enable_question_stripslashes=off::quiz_disable_answer_stripslashes=off::answer_slug_max_id=1::answer_incorrect_matches=::enable_question_upload_types=off::question_upload_types=::question_upload_file_max_size=1,,"","267"
"Balizamiento","&lt;p&gt;En la región A, en el punto de bifurcación de un canal, una marca lateral, de color roja con una banda ancha horizontal verde indica:&lt;/p&gt;",,"",radio,1,"","","",off,off,1,"Canal principal a babor::0::0::::::A::1058::::;;Canal principal a estribor::1::0::::::A::1059::::;;No indica nada, puesto que esta marca no existe::0::0::::::A::1060::::;;Ninguna de las anteriores::0::0::::::A::1061::::;;",bg_image=::use_html=off::enable_question_text_max_length=off::question_text_max_length=::question_limit_text_type=characters::question_enable_text_message=off::enable_question_number_max_length=off::question_number_max_length=::quiz_hide_question_text=off::enable_max_selection_number=off::max_selection_number=::quiz_question_note_message=::enable_case_sensitive_text=off::enable_min_selection_number=off::min_selection_number=::enable_question_number_min_length=off::question_number_min_length=::enable_question_number_error_message=off::question_number_error_message=::quiz_enable_question_stripslashes=off::quiz_disable_answer_stripslashes=off::answer_slug_max_id=1::answer_incorrect_matches=::enable_question_upload_types=off::question_upload_types=::question_upload_file_max_size=1,,"","266"
"Balizamiento","&lt;p&gt;Una marca que muestre colores amarillos y negros es:&lt;/p&gt;",,"",radio,1,"","","",off,off,1,"Cardinal::1::0::::::A::1054::::;;Aguas navegables::0::0::::::A::1055::::;;Peligro aislado::0::0::::::A::1056::::;;Especial::0::0::::::A::1057::::;;",bg_image=::use_html=off::enable_question_text_max_length=off::question_text_max_length=::question_limit_text_type=characters::question_enable_text_message=off::enable_question_number_max_length=off::question_number_max_length=::quiz_hide_question_text=off::enable_max_selection_number=off::max_selection_number=::quiz_question_note_message=::enable_case_sensitive_text=off::enable_min_selection_number=off::min_selection_number=::enable_question_number_min_length=off::question_number_min_length=::enable_question_number_error_message=off::question_number_error_message=::quiz_enable_question_stripslashes=off::quiz_disable_answer_stripslashes=off::answer_slug_max_id=1::answer_incorrect_matches=::enable_question_upload_types=off::question_upload_types=::question_upload_file_max_size=1,,"","265"
"Balizamiento","&lt;p&gt;El tope de una marca lateral de estribor en la Región “A” es:&lt;/p&gt;",,"",radio,1,"","","",off,off,1,"Un cilindro rojo::0::0::::::A::1050::::;;Un cilindro verde::0::0::::::A::1051::::;;Un cono rojo::0::0::::::A::1052::::;;Un cono verde::1::0::::::A::1053::::;;",bg_image=::use_html=off::enable_question_text_max_length=off::question_text_max_length=::question_limit_text_type=characters::question_enable_text_message=off::enable_question_number_max_length=off::question_number_max_length=::quiz_hide_question_text=off::enable_max_selection_number=off::max_selection_number=::quiz_question_note_message=::enable_case_sensitive_text=off::enable_min_selection_number=off::min_selection_number=::enable_question_number_min_length=off::question_number_min_length=::enable_question_number_error_message=off::question_number_error_message=::quiz_enable_question_stripslashes=off::quiz_disable_answer_stripslashes=off::answer_slug_max_id=1::answer_incorrect_matches=::enable_question_upload_types=off::question_upload_types=::question_upload_file_max_size=1,,"","264"
"Balizamiento","&lt;p&gt;Boya esférica, con marca de tope esférica a franjas verticales rojas y blancas, es una marca…:&lt;/p&gt;",,"",radio,1,"","","",off,off,1,"De peligro aislado::0::0::::::A::1046::::;;De aguas navegables::1::0::::::A::1047::::;;Especial::0::0::::::A::1048::::;;Lateral::0::0::::::A::1049::::;;",bg_image=::use_html=off::enable_question_text_max_length=off::question_text_max_length=::question_limit_text_type=characters::question_enable_text_message=off::enable_question_number_max_length=off::question_number_max_length=::quiz_hide_question_text=off::enable_max_selection_number=off::max_selection_number=::quiz_question_note_message=::enable_case_sensitive_text=off::enable_min_selection_number=off::min_selection_number=::enable_question_number_min_length=off::question_number_min_length=::enable_question_number_error_message=off::question_number_error_message=::quiz_enable_question_stripslashes=off::quiz_disable_answer_stripslashes=off::answer_slug_max_id=1::answer_incorrect_matches=::enable_question_upload_types=off::question_upload_types=::question_upload_file_max_size=1,,"","263"
"Balizamiento","&lt;p&gt;¿Cuál es el color de una boya de marca especial?&lt;/p&gt;",,"",radio,1,"","","",off,off,1,"Amarillo::1::0::::::A::1042::::;;Rojo::0::0::::::A::1043::::;;Verde::0::0::::::A::1044::::;;Blanca con franjas verticales rojas::0::0::::::A::1045::::;;",bg_image=::use_html=off::enable_question_text_max_length=off::question_text_max_length=::question_limit_text_type=characters::question_enable_text_message=off::enable_question_number_max_length=off::question_number_max_length=::quiz_hide_question_text=off::enable_max_selection_number=off::max_selection_number=::quiz_question_note_message=::enable_case_sensitive_text=off::enable_min_selection_number=off::min_selection_number=::enable_question_number_min_length=off::question_number_min_length=::enable_question_number_error_message=off::question_number_error_message=::quiz_enable_question_stripslashes=off::quiz_disable_answer_stripslashes=off::answer_slug_max_id=1::answer_incorrect_matches=::enable_question_upload_types=off::question_upload_types=::question_upload_file_max_size=1,,"","262"
"Balizamiento","&lt;p&gt;¿Cuál es la marca de tope de un espeque que indica peligro aislado?:&lt;/p&gt;",,"",radio,1,"","","",off,off,1,"Una esfera roja::0::0::::::A::1038::::;;Dos conos superpuestos con los vértices hacia arriba::0::0::::::A::1039::::;;Dos esferas negras superpuestas::1::0::::::A::1040::::;;Dos conos opuestos por sus vértices::0::0::::::A::1041::::;;",bg_image=::use_html=off::enable_question_text_max_length=off::question_text_max_length=::question_limit_text_type=characters::question_enable_text_message=off::enable_question_number_max_length=off::question_number_max_length=::quiz_hide_question_text=off::enable_max_selection_number=off::max_selection_number=::quiz_question_note_message=::enable_case_sensitive_text=off::enable_min_selection_number=off::min_selection_number=::enable_question_number_min_length=off::question_number_min_length=::enable_question_number_error_message=off::question_number_error_message=::quiz_enable_question_stripslashes=off::quiz_disable_answer_stripslashes=off::answer_slug_max_id=1::answer_incorrect_matches=::enable_question_upload_types=off::question_upload_types=::question_upload_file_max_size=1,,"","261"
"Balizamiento","&lt;p&gt;Las marcas de peligro aislado son de color:&lt;/p&gt;",,"",radio,1,"","","",off,off,1,"Rojo con una o más bandas horizontales negras::0::0::::::A::1034::::;;Negro con una o más bandas anchas horizontales rojas::1::0::::::A::1035::::;;Blanco con una o más bandas anchas horizontales rojas::0::0::::::A::1036::::;;Naranja con una o más bandas anchas horizontales negra::0::0::::::A::1037::::;;",bg_image=::use_html=off::enable_question_text_max_length=off::question_text_max_length=::question_limit_text_type=characters::question_enable_text_message=off::enable_question_number_max_length=off::question_number_max_length=::quiz_hide_question_text=off::enable_max_selection_number=off::max_selection_number=::quiz_question_note_message=::enable_case_sensitive_text=off::enable_min_selection_number=off::min_selection_number=::enable_question_number_min_length=off::question_number_min_length=::enable_question_number_error_message=off::question_number_error_message=::quiz_enable_question_stripslashes=off::quiz_disable_answer_stripslashes=off::answer_slug_max_id=1::answer_incorrect_matches=::enable_question_upload_types=off::question_upload_types=::question_upload_file_max_size=1,,"","260"
"Balizamiento","&lt;p&gt;Una marca de tope consistente en dos conos negros superpuestos con los vértices hacia abajo, se deberá pasar por el cuadrante:&lt;/p&gt;",,"",radio,1,"","","",off,off,1,"Este::0::0::::::A::1030::::;;Oeste::0::0::::::A::1031::::;;Norte::0::0::::::A::1032::::;;Sur::1::0::::::A::1033::::;;",bg_image=::use_html=off::enable_question_text_max_length=off::question_text_max_length=::question_limit_text_type=characters::question_enable_text_message=off::enable_question_number_max_length=off::question_number_max_length=::quiz_hide_question_text=off::enable_max_selection_number=off::max_selection_number=::quiz_question_note_message=::enable_case_sensitive_text=off::enable_min_selection_number=off::min_selection_number=::enable_question_number_min_length=off::question_number_min_length=::enable_question_number_error_message=off::question_number_error_message=::quiz_enable_question_stripslashes=off::quiz_disable_answer_stripslashes=off::answer_slug_max_id=1::answer_incorrect_matches=::enable_question_upload_types=off::question_upload_types=::question_upload_file_max_size=1,,"","259"
"Balizamiento","&lt;p&gt;El tope de las marcas laterales de babor es:&lt;/p&gt;",,"",radio,1,"","","",off,off,1,"Un cilindro rojo::1::0::::::A::1026::::;;Un cilindro verde::0::0::::::A::1027::::;;Un cono rojo::0::0::::::A::1028::::;;Un cono verde::0::0::::::A::1029::::;;",bg_image=::use_html=off::enable_question_text_max_length=off::question_text_max_length=::question_limit_text_type=characters::question_enable_text_message=off::enable_question_number_max_length=off::question_number_max_length=::quiz_hide_question_text=off::enable_max_selection_number=off::max_selection_number=::quiz_question_note_message=::enable_case_sensitive_text=off::enable_min_selection_number=off::min_selection_number=::enable_question_number_min_length=off::question_number_min_length=::enable_question_number_error_message=off::question_number_error_message=::quiz_enable_question_stripslashes=off::quiz_disable_answer_stripslashes=off::answer_slug_max_id=1::answer_incorrect_matches=::enable_question_upload_types=off::question_upload_types=::question_upload_file_max_size=1,,"","258"
"Balizamiento","&lt;p&gt;La marca de tope de una baliza lateral de estribor, en caso de llevarla:&lt;/p&gt;",,"",radio,1,"","","",off,off,1,"Emite destellos rojos::0::0::::::A::1022::::;;Es de forma cilíndrica y color verde::0::0::::::A::1023::::;;Es de forma cónica y color verde::1::0::::::A::1024::::;;Es de forma esférica y color verde::0::0::::::A::1025::::;;",bg_image=::use_html=off::enable_question_text_max_length=off::question_text_max_length=::question_limit_text_type=characters::question_enable_text_message=off::enable_question_number_max_length=off::question_number_max_length=::quiz_hide_question_text=off::enable_max_selection_number=off::max_selection_number=::quiz_question_note_message=::enable_case_sensitive_text=off::enable_min_selection_number=off::min_selection_number=::enable_question_number_min_length=off::question_number_min_length=::enable_question_number_error_message=off::question_number_error_message=::quiz_enable_question_stripslashes=off::quiz_disable_answer_stripslashes=off::answer_slug_max_id=1::answer_incorrect_matches=::enable_question_upload_types=off::question_upload_types=::question_upload_file_max_size=1,,"","257"
"Balizamiento","&lt;p&gt;Para indicar una zona o una configuración particular, cuya naturaleza exacta está indicada en carta o publicaciones náuticas, se utilizan las…&lt;/p&gt;",,"",radio,1,"","","",off,off,1,"Marcas cardinales::0::0::::::A::1018::::;;Marcas de peligro aislado::0::0::::::A::1019::::;;Marcas de aguas navegables::0::0::::::A::1020::::;;Marcas especiales::1::0::::::A::1021::::;;",bg_image=::use_html=off::enable_question_text_max_length=off::question_text_max_length=::question_limit_text_type=characters::question_enable_text_message=off::enable_question_number_max_length=off::question_number_max_length=::quiz_hide_question_text=off::enable_max_selection_number=off::max_selection_number=::quiz_question_note_message=::enable_case_sensitive_text=off::enable_min_selection_number=off::min_selection_number=::enable_question_number_min_length=off::question_number_min_length=::enable_question_number_error_message=off::question_number_error_message=::quiz_enable_question_stripslashes=off::quiz_disable_answer_stripslashes=off::answer_slug_max_id=1::answer_incorrect_matches=::enable_question_upload_types=off::question_upload_types=::question_upload_file_max_size=1,,"","256"
"Balizamiento","&lt;p&gt;Una luz amarilla en una boya, significa:&lt;/p&gt;",,"",radio,1,"","","",off,off,1,"Marca especial::1::0::::::A::1014::::;;Marca cardinal norte::0::0::::::A::1015::::;;Canal a estribor::0::0::::::A::1016::::;;Peligro aislado::0::0::::::A::1017::::;;",bg_image=::use_html=off::enable_question_text_max_length=off::question_text_max_length=::question_limit_text_type=characters::question_enable_text_message=off::enable_question_number_max_length=off::question_number_max_length=::quiz_hide_question_text=off::enable_max_selection_number=off::max_selection_number=::quiz_question_note_message=::enable_case_sensitive_text=off::enable_min_selection_number=off::min_selection_number=::enable_question_number_min_length=off::question_number_min_length=::enable_question_number_error_message=off::question_number_error_message=::quiz_enable_question_stripslashes=off::quiz_disable_answer_stripslashes=off::answer_slug_max_id=1::answer_incorrect_matches=::enable_question_upload_types=off::question_upload_types=::question_upload_file_max_size=1,,"","255"
"Balizamiento","&lt;p&gt;¿De qué color son las marcas de aguas navegables?&lt;/p&gt;",,"",radio,1,"","","",off,off,1,"Franjas rojas y negras::0::0::::::A::1010::::;;Franjas verde y amarilla::0::0::::::A::1011::::;;Franjas amarillas y azules::0::0::::::A::1012::::;;Franjas rojas y blancas::1::0::::::A::1013::::;;",bg_image=::use_html=off::enable_question_text_max_length=off::question_text_max_length=::question_limit_text_type=characters::question_enable_text_message=off::enable_question_number_max_length=off::question_number_max_length=::quiz_hide_question_text=off::enable_max_selection_number=off::max_selection_number=::quiz_question_note_message=::enable_case_sensitive_text=off::enable_min_selection_number=off::min_selection_number=::enable_question_number_min_length=off::question_number_min_length=::enable_question_number_error_message=off::question_number_error_message=::quiz_enable_question_stripslashes=off::quiz_disable_answer_stripslashes=off::answer_slug_max_id=1::answer_incorrect_matches=::enable_question_upload_types=off::question_upload_types=::question_upload_file_max_size=1,,"","254"
"Balizamiento","&lt;p&gt;Una luz centelleante blanca en grupos de 3 destellos cada 5 segundos, pertenece a:&lt;/p&gt;",,"",radio,1,"","","",off,off,1,"Una marca cardinal norte::0::0::::::A::1006::::;;Una marca cardinal este::1::0::::::A::1007::::;;Una marca cardinal sur::0::0::::::A::1008::::;;Una marca cardinal oeste::0::0::::::A::1009::::;;",bg_image=::use_html=off::enable_question_text_max_length=off::question_text_max_length=::question_limit_text_type=characters::question_enable_text_message=off::enable_question_number_max_length=off::question_number_max_length=::quiz_hide_question_text=off::enable_max_selection_number=off::max_selection_number=::quiz_question_note_message=::enable_case_sensitive_text=off::enable_min_selection_number=off::min_selection_number=::enable_question_number_min_length=off::question_number_min_length=::enable_question_number_error_message=off::question_number_error_message=::quiz_enable_question_stripslashes=off::quiz_disable_answer_stripslashes=off::answer_slug_max_id=1::answer_incorrect_matches=::enable_question_upload_types=off::question_upload_types=::question_upload_file_max_size=1,,"","253"
"Balizamiento","&lt;p&gt;En la región A, entrando a puerto desde la mar las marcas laterales de color verde deben quedar por:&lt;/p&gt;",,"",radio,1,"","","",off,off,1,"Barlovento::0::0::::::A::1002::::;;Sotavento::0::0::::::A::1003::::;;Estribor::1::0::::::A::1004::::;;Babor::0::0::::::A::1005::::;;",bg_image=::use_html=off::enable_question_text_max_length=off::question_text_max_length=::question_limit_text_type=characters::question_enable_text_message=off::enable_question_number_max_length=off::question_number_max_length=::quiz_hide_question_text=off::enable_max_selection_number=off::max_selection_number=::quiz_question_note_message=::enable_case_sensitive_text=off::enable_min_selection_number=off::min_selection_number=::enable_question_number_min_length=off::question_number_min_length=::enable_question_number_error_message=off::question_number_error_message=::quiz_enable_question_stripslashes=off::quiz_disable_answer_stripslashes=off::answer_slug_max_id=1::answer_incorrect_matches=::enable_question_upload_types=off::question_upload_types=::question_upload_file_max_size=1,,"","252"
"Balizamiento","&lt;p&gt;El tope de las marcas especiales:&lt;/p&gt;",,"",radio,1,"","","",off,off,1,"Puede tener cualquier forma::0::0::::::A::998::::;;Es un aspa roja::0::0::::::A::999::::;;Es un aspa amarilla::1::0::::::A::1000::::;;Es un aspa blanca::0::0::::::A::1001::::;;",bg_image=::use_html=off::enable_question_text_max_length=off::question_text_max_length=::question_limit_text_type=characters::question_enable_text_message=off::enable_question_number_max_length=off::question_number_max_length=::quiz_hide_question_text=off::enable_max_selection_number=off::max_selection_number=::quiz_question_note_message=::enable_case_sensitive_text=off::enable_min_selection_number=off::min_selection_number=::enable_question_number_min_length=off::question_number_min_length=::enable_question_number_error_message=off::question_number_error_message=::quiz_enable_question_stripslashes=off::quiz_disable_answer_stripslashes=off::answer_slug_max_id=1::answer_incorrect_matches=::enable_question_upload_types=off::question_upload_types=::question_upload_file_max_size=1,,"","251"
"Balizamiento","&lt;p&gt;Las marcas de aguas navegables tienen colores:&lt;/p&gt;",,"",radio,1,"","","",off,off,1,"Amarillo y negro::0::0::::::A::994::::;;Negro y rojo::0::0::::::A::995::::;;Blanco y rojo::1::0::::::A::996::::;;Azul y naranja::0::0::::::A::997::::;;",bg_image=::use_html=off::enable_question_text_max_length=off::question_text_max_length=::question_limit_text_type=characters::question_enable_text_message=off::enable_question_number_max_length=off::question_number_max_length=::quiz_hide_question_text=off::enable_max_selection_number=off::max_selection_number=::quiz_question_note_message=::enable_case_sensitive_text=off::enable_min_selection_number=off::min_selection_number=::enable_question_number_min_length=off::question_number_min_length=::enable_question_number_error_message=off::question_number_error_message=::quiz_enable_question_stripslashes=off::quiz_disable_answer_stripslashes=off::answer_slug_max_id=1::answer_incorrect_matches=::enable_question_upload_types=off::question_upload_types=::question_upload_file_max_size=1,,"","250"
"Balizamiento","&lt;p&gt;El color de una marca de peligro aislado es:&lt;/p&gt;",,"",radio,1,"","","",off,off,1,"Verde con franjas horizontales rojas::0::0::::::A::990::::;;Roja con bandas horizontales verdes::0::0::::::A::991::::;;Negra con bandas horizontales verdes::0::0::::::A::992::::;;Negra con bandas horizontales rojas::1::0::::::A::993::::;;",bg_image=::use_html=off::enable_question_text_max_length=off::question_text_max_length=::question_limit_text_type=characters::question_enable_text_message=off::enable_question_number_max_length=off::question_number_max_length=::quiz_hide_question_text=off::enable_max_selection_number=off::max_selection_number=::quiz_question_note_message=::enable_case_sensitive_text=off::enable_min_selection_number=off::min_selection_number=::enable_question_number_min_length=off::question_number_min_length=::enable_question_number_error_message=off::question_number_error_message=::quiz_enable_question_stripslashes=off::quiz_disable_answer_stripslashes=off::answer_slug_max_id=1::answer_incorrect_matches=::enable_question_upload_types=off::question_upload_types=::question_upload_file_max_size=1,,"","249"
"Balizamiento","&lt;p&gt;Una marca cardinal indica:&lt;/p&gt;",,"",radio,1,"","","",off,off,1,"El cuadrante por el que se ha de pasar para salvar un peligro::1::0::::::A::986::::;;El lado donde se encuentra el peligro::0::0::::::A::987::::;;Una zona de fondeo::0::0::::::A::988::::;;Ninguna de las anteriores porque no existe la marca cardinal::0::0::::::A::989::::;;",bg_image=::use_html=off::enable_question_text_max_length=off::question_text_max_length=::question_limit_text_type=characters::question_enable_text_message=off::enable_question_number_max_length=off::question_number_max_length=::quiz_hide_question_text=off::enable_max_selection_number=off::max_selection_number=::quiz_question_note_message=::enable_case_sensitive_text=off::enable_min_selection_number=off::min_selection_number=::enable_question_number_min_length=off::question_number_min_length=::enable_question_number_error_message=off::question_number_error_message=::quiz_enable_question_stripslashes=off::quiz_disable_answer_stripslashes=off::answer_slug_max_id=1::answer_incorrect_matches=::enable_question_upload_types=off::question_upload_types=::question_upload_file_max_size=1,,"","248"
"Balizamiento","&lt;p&gt;Las marcas laterales de estribor en la Región “A”:&lt;/p&gt;",,"",radio,1,"","","",off,off,1,"Son rojas::0::0::::::A::982::::;;Son cónicas, de castillete o de espeque::1::0::::::A::983::::;;Tienen como marca de tope un cilindro rojo::0::0::::::A::984::::;;Tienen franjas blancas y rojas::0::0::::::A::985::::;;",bg_image=::use_html=off::enable_question_text_max_length=off::question_text_max_length=::question_limit_text_type=characters::question_enable_text_message=off::enable_question_number_max_length=off::question_number_max_length=::quiz_hide_question_text=off::enable_max_selection_number=off::max_selection_number=::quiz_question_note_message=::enable_case_sensitive_text=off::enable_min_selection_number=off::min_selection_number=::enable_question_number_min_length=off::question_number_min_length=::enable_question_number_error_message=off::question_number_error_message=::quiz_enable_question_stripslashes=off::quiz_disable_answer_stripslashes=off::answer_slug_max_id=1::answer_incorrect_matches=::enable_question_upload_types=off::question_upload_types=::question_upload_file_max_size=1,,"","247"
"Balizamiento","&lt;p&gt;Las marcas especiales tienen color:&lt;/p&gt;",,"",radio,1,"","","",off,off,1,"Amarillo::1::0::::::A::978::::;;Verde::0::0::::::A::979::::;;Rojo::0::0::::::A::980::::;;Blanco y rojo::0::0::::::A::981::::;;",bg_image=::use_html=off::enable_question_text_max_length=off::question_text_max_length=::question_limit_text_type=characters::question_enable_text_message=off::enable_question_number_max_length=off::question_number_max_length=::quiz_hide_question_text=off::enable_max_selection_number=off::max_selection_number=::quiz_question_note_message=::enable_case_sensitive_text=off::enable_min_selection_number=off::min_selection_number=::enable_question_number_min_length=off::question_number_min_length=::enable_question_number_error_message=off::question_number_error_message=::quiz_enable_question_stripslashes=off::quiz_disable_answer_stripslashes=off::answer_slug_max_id=1::answer_incorrect_matches=::enable_question_upload_types=off::question_upload_types=::question_upload_file_max_size=1,,"","246"
"Balizamiento","&lt;p&gt;La marca de tope de aguas navegables, consiste en:&lt;/p&gt;",,"",radio,1,"","","",off,off,1,"Dos esferas negras::0::0::::::A::974::::;;Una esfera negra::0::0::::::A::975::::;;Una esfera roja::1::0::::::A::976::::;;Una esfera verde::0::0::::::A::977::::;;",bg_image=::use_html=off::enable_question_text_max_length=off::question_text_max_length=::question_limit_text_type=characters::question_enable_text_message=off::enable_question_number_max_length=off::question_number_max_length=::quiz_hide_question_text=off::enable_max_selection_number=off::max_selection_number=::quiz_question_note_message=::enable_case_sensitive_text=off::enable_min_selection_number=off::min_selection_number=::enable_question_number_min_length=off::question_number_min_length=::enable_question_number_error_message=off::question_number_error_message=::quiz_enable_question_stripslashes=off::quiz_disable_answer_stripslashes=off::answer_slug_max_id=1::answer_incorrect_matches=::enable_question_upload_types=off::question_upload_types=::question_upload_file_max_size=1,,"","245"
"Balizamiento","&lt;p&gt;Los topes de las marcas de peligro aislado son:&lt;/p&gt;",,"",radio,1,"","","",off,off,1,"Dos esferas negras superpuestas::1::0::::::A::970::::;;Dos conos negros superpuestos::0::0::::::A::971::::;;Dos esferas rojas superpuestas::0::0::::::A::972::::;;Dos conos verdes superpuestos::0::0::::::A::973::::;;",bg_image=::use_html=off::enable_question_text_max_length=off::question_text_max_length=::question_limit_text_type=characters::question_enable_text_message=off::enable_question_number_max_length=off::question_number_max_length=::quiz_hide_question_text=off::enable_max_selection_number=off::max_selection_number=::quiz_question_note_message=::enable_case_sensitive_text=off::enable_min_selection_number=off::min_selection_number=::enable_question_number_min_length=off::question_number_min_length=::enable_question_number_error_message=off::question_number_error_message=::quiz_enable_question_stripslashes=off::quiz_disable_answer_stripslashes=off::answer_slug_max_id=1::answer_incorrect_matches=::enable_question_upload_types=off::question_upload_types=::question_upload_file_max_size=1,,"","244"
"Balizamiento","&lt;p&gt;Las balizas con franjas horizontales negras y amarillas, corresponden a….&lt;/p&gt;",,"",radio,1,"","","",off,off,1,"Marcas laterales::0::0::::::A::966::::;;Marcas de peligro aislado::0::0::::::A::967::::;;Marcas cardinales::1::0::::::A::968::::;;Marcas de aguas navegables::0::0::::::A::969::::;;",bg_image=::use_html=off::enable_question_text_max_length=off::question_text_max_length=::question_limit_text_type=characters::question_enable_text_message=off::enable_question_number_max_length=off::question_number_max_length=::quiz_hide_question_text=off::enable_max_selection_number=off::max_selection_number=::quiz_question_note_message=::enable_case_sensitive_text=off::enable_min_selection_number=off::min_selection_number=::enable_question_number_min_length=off::question_number_min_length=::enable_question_number_error_message=off::question_number_error_message=::quiz_enable_question_stripslashes=off::quiz_disable_answer_stripslashes=off::answer_slug_max_id=1::answer_incorrect_matches=::enable_question_upload_types=off::question_upload_types=::question_upload_file_max_size=1,,"","243"
"Balizamiento","&lt;p&gt;Las marcas laterales de la región A utilizan los siguientes colores para indicar los lados de un canal:&lt;/p&gt;",,"",radio,1,"","","",off,off,1,"Amarillo y verde::0::0::::::A::962::::;;Rojo y verde::1::0::::::A::963::::;;Amarillo y rojo::0::0::::::A::964::::;;Naranja y amarillo::0::0::::::A::965::::;;",bg_image=::use_html=off::enable_question_text_max_length=off::question_text_max_length=::question_limit_text_type=characters::question_enable_text_message=off::enable_question_number_max_length=off::question_number_max_length=::quiz_hide_question_text=off::enable_max_selection_number=off::max_selection_number=::quiz_question_note_message=::enable_case_sensitive_text=off::enable_min_selection_number=off::min_selection_number=::enable_question_number_min_length=off::question_number_min_length=::enable_question_number_error_message=off::question_number_error_message=::quiz_enable_question_stripslashes=off::quiz_disable_answer_stripslashes=off::answer_slug_max_id=1::answer_incorrect_matches=::enable_question_upload_types=off::question_upload_types=::question_upload_file_max_size=1,,"","242"